symbol,month,first_close,last_close,avg_volume,monthly_return_pct,sector,rank_in_month
ADANIENT,2023-10,2387.25,2294.65,1487762.3,-3.8789,MISCELLANEOUS,33
ADANIENT,2023-11,2217.3,2358.55,1979129.0,6.3704,MISCELLANEOUS,32
ADANIENT,2023-12,2362.7,2848.95,5102652.8,20.5803,MISCELLANEOUS,3
ADANIENT,2024-01,2917.2,3142.0,3514160.5,7.706,MISCELLANEOUS,14
ADANIENT,2024-02,3153.5,3285.4,1849630.142857143,4.1827,MISCELLANEOUS,23
ADANIENT,2024-03,3318.75,3197.1,1546762.3157894737,-3.6655,MISCELLANEOUS,40
ADANIENT,2024-04,3252.1,3054.7,1075873.95,-6.0699,MISCELLANEOUS,43
ADANIENT,2024-05,3039.6,3411.35,2611908.5454545454,12.2302,MISCELLANEOUS,4
ADANIENT,2024-06,3645.25,3177.15,4746552.52631579,-12.8414,MISCELLANEOUS,50
ADANIENT,2024-07,3183.8,3169.4,1100994.3181818181,-0.4523,MISCELLANEOUS,39
ADANIENT,2024-08,3217.25,3019.35,2312989.9523809524,-6.1512,MISCELLANEOUS,46
ADANIENT,2024-09,3042.15,3135.85,1224359.4285714286,3.0801,MISCELLANEOUS,28
ADANIENT,2024-10,3186.1,2947.25,1373221.0454545454,-7.4966,MISCELLANEOUS,25
ADANIENT,2024-11,2949.5,2228.0,3742465.0714285714,-24.4618,MISCELLANEOUS,50
ADANIPORTS,2023-10,831.4,784.75,3196032.1,-5.611,MISCELLANEOUS,43
ADANIPORTS,2023-11,769.1,825.5,3981277.523809524,7.3332,MISCELLANEOUS,28
ADANIPORTS,2023-12,827.8,1024.35,10601146.5,23.7437,MISCELLANEOUS,2
ADANIPORTS,2024-01,1047.85,1207.65,7781994.0,15.2503,MISCELLANEOUS,4
ADANIPORTS,2024-02,1218.85,1320.5,3688074.8095238097,8.3398,MISCELLANEOUS,9
ADANIPORTS,2024-03,1322.1,1341.85,3485935.4736842103,1.4938,MISCELLANEOUS,19
ADANIPORTS,2024-04,1375.9,1324.9,4230375.95,-3.7067,MISCELLANEOUS,38
ADANIPORTS,2024-05,1338.8,1437.4,4426895.5,7.3648,MISCELLANEOUS,8
ADANIPORTS,2024-06,1583.95,1478.1,10788639.684210526,-6.6827,MISCELLANEOUS,46
ADANIPORTS,2024-07,1474.5,1569.9,2839061.6818181816,6.47,MISCELLANEOUS,19
ADANIPORTS,2024-08,1590.15,1481.9,2830822.9523809524,-6.8075,MISCELLANEOUS,49
ADANIPORTS,2024-09,1494.5,1448.2,1926360.9047619049,-3.098,MISCELLANEOUS,42
ADANIPORTS,2024-10,1467.5,1375.95,2073769.3181818181,-6.2385,MISCELLANEOUS,19
ADANIPORTS,2024-11,1394.4,1136.75,6995274.428571428,-18.4775,MISCELLANEOUS,49
APOLLOHOSP,2023-10,5118.95,4819.9,394002.15,-5.842,MISCELLANEOUS,46
APOLLOHOSP,2023-11,4796.55,5528.95,445299.71428571426,15.2693,MISCELLANEOUS,5
APOLLOHOSP,2023-12,5591.15,5704.1,484165.45,2.0202,MISCELLANEOUS,42
APOLLOHOSP,2024-01,5750.05,6352.95,337779.04545454547,10.4851,MISCELLANEOUS,10
APOLLOHOSP,2024-02,6287.95,6101.6,511325.04761904763,-2.9636,MISCELLANEOUS,40
APOLLOHOSP,2024-03,6085.4,6356.8,602796.6315789474,4.4599,MISCELLANEOUS,10
APOLLOHOSP,2024-04,6457.25,5947.1,514493.9,-7.9004,MISCELLANEOUS,47
APOLLOHOSP,2024-05,5958.55,5839.2,486043.63636363635,-2.003,MISCELLANEOUS,27
APOLLOHOSP,2024-06,5851.2,6185.7,428562.94736842107,5.7168,MISCELLANEOUS,17
APOLLOHOSP,2024-07,6140.5,6615.3,320160.04545454547,7.7323,MISCELLANEOUS,17
APOLLOHOSP,2024-08,6706.4,6927.5,470538.7619047619,3.2969,MISCELLANEOUS,16
APOLLOHOSP,2024-09,6880.05,7199.15,362591.14285714284,4.638,MISCELLANEOUS,20
APOLLOHOSP,2024-10,7153.35,7022.7,248151.0909090909,-1.8264,MISCELLANEOUS,10
APOLLOHOSP,2024-11,7031.95,6935.1,511533.5714285714,-1.3773,MISCELLANEOUS,18
ASIANPAINT,2023-10,3166.85,2995.7,918647.9,-5.4044,PAINTS,42
ASIANPAINT,2023-11,2934.55,3119.9,725479.5238095238,6.3161,PAINTS,33
ASIANPAINT,2023-12,3173.4,3402.4,986894.25,7.2162,PAINTS,27
ASIANPAINT,2024-01,3396.1,2957.85,1107948.3636363635,-12.9045,PAINTS,49
ASIANPAINT,2024-02,2929.35,2821.9,1504120.2857142857,-3.668,PAINTS,44
ASIANPAINT,2024-03,2831.75,2846.75,1129415.4736842106,0.5297,PAINTS,26
ASIANPAINT,2024-04,2871.0,2875.9,1014275.2,0.1707,PAINTS,26
ASIANPAINT,2024-05,2975.4,2881.2,1471550.8181818181,-3.166,PAINTS,36
ASIANPAINT,2024-06,2866.45,2917.05,1315619.4736842106,1.7652,PAINTS,33
ASIANPAINT,2024-07,2927.8,3084.45,1761343.5454545454,5.3504,PAINTS,25
ASIANPAINT,2024-08,3099.35,3126.8,1101854.3333333333,0.8857,PAINTS,26
ASIANPAINT,2024-09,3150.95,3329.1,1184251.9047619049,5.6539,PAINTS,18
ASIANPAINT,2024-10,3277.35,2935.65,918358.7727272727,-10.4261,PAINTS,32
ASIANPAINT,2024-11,2939.85,2472.2,2111871.6428571427,-15.9073,PAINTS,48
AXISBANK,2023-10,1041.05,981.85,8522610.15,-5.6866,BANKING,44
AXISBANK,2023-11,971.8,1074.25,7109049.666666667,10.5423,BANKING,15
AXISBANK,2023-12,1104.65,1102.3,9589875.2,-0.2127,BANKING,48
AXISBANK,2024-01,1097.7,1067.75,10387505.5,-2.7284,BANKING,34
AXISBANK,2024-02,1084.25,1075.1,9432765.523809524,-0.8439,BANKING,34
AXISBANK,2024-03,1099.25,1047.2,9281472.52631579,-4.735,BANKING,44
AXISBANK,2024-04,1053.1,1165.9,13525588.7,10.7112,BANKING,6
AXISBANK,2024-05,1149.85,1162.15,7948331.090909091,1.0697,BANKING,15
AXISBANK,2024-06,1223.9,1265.25,13388577.578947369,3.3785,BANKING,27
AXISBANK,2024-07,1261.9,1166.1,11103374.045454545,-7.5917,BANKING,50
AXISBANK,2024-08,1172.3,1175.25,7628400.714285715,0.2516,BANKING,30
AXISBANK,2024-09,1188.8,1232.2,7912418.904761905,3.6507,BANKING,23
AXISBANK,2024-10,1226.65,1159.55,10045024.772727273,-5.4702,BANKING,16
AXISBANK,2024-11,1169.55,1142.4,8974249.142857144,-2.3214,BANKING,20
BAJAJ-AUTO,2023-10,5016.45,5314.05,575430.05,5.9325,AUTOMOBILES,3
BAJAJ-AUTO,2023-11,5344.35,6090.55,419117.8095238095,13.9624,AUTOMOBILES,6
BAJAJ-AUTO,2023-12,6046.05,6797.25,468915.45,12.4246,AUTOMOBILES,10
BAJAJ-AUTO,2024-01,6701.1,7667.55,665134.8181818182,14.4223,AUTOMOBILES,5
BAJAJ-AUTO,2024-02,7655.75,7909.35,436103.85714285716,3.3125,AUTOMOBILES,24
BAJAJ-AUTO,2024-03,8040.05,9148.15,627245.947368421,13.7823,AUTOMOBILES,1
BAJAJ-AUTO,2024-04,9042.15,8903.65,489439.6,-1.5317,AUTOMOBILES,29
BAJAJ-AUTO,2024-05,9110.65,9084.75,430807.63636363635,-0.2843,AUTOMOBILES,19
BAJAJ-AUTO,2024-06,9335.45,9501.65,370257.5789473684,1.7803,AUTOMOBILES,31
BAJAJ-AUTO,2024-07,9532.4,9664.2,381831.8181818182,1.3827,AUTOMOBILES,32
BAJAJ-AUTO,2024-08,9730.5,10891.55,334446.09523809527,11.9321,AUTOMOBILES,2
BAJAJ-AUTO,2024-09,11126.1,12345.95,526361.2857142857,10.9639,AUTOMOBILES,2
BAJAJ-AUTO,2024-10,12157.45,9836.3,820047.9090909091,-19.0924,AUTOMOBILES,49
BAJAJ-AUTO,2024-11,9875.95,9481.65,461893.14285714284,-3.9925,AUTOMOBILES,29
BAJAJFINSV,2023-10,1561.05,1569.55,1641495.55,0.5445,FINANCE,17
BAJAJFINSV,2023-11,1572.85,1673.5,1287813.8095238095,6.3992,FINANCE,31
BAJAJFINSV,2023-12,1685.95,1685.8,1241385.75,-0.0089,FINANCE,47
BAJAJFINSV,2024-01,1676.4,1627.3,1371243.7727272727,-2.9289,FINANCE,37
BAJAJFINSV,2024-02,1622.25,1593.8,1244100.5238095238,-1.7537,FINANCE,36
BAJAJFINSV,2024-03,1613.4,1643.85,1433318.8421052631,1.8873,FINANCE,15
BAJAJFINSV,2024-04,1646.0,1615.0,1468773.05,-1.8834,FINANCE,31
BAJAJFINSV,2024-05,1615.45,1528.6,1282927.0909090908,-5.3762,FINANCE,44
BAJAJFINSV,2024-06,1575.8,1588.15,1932510.3684210526,0.7837,FINANCE,34
BAJAJFINSV,2024-07,1580.2,1651.65,1879968.6818181819,4.5216,FINANCE,26
BAJAJFINSV,2024-08,1634.8,1783.05,1994023.9523809524,9.0684,FINANCE,3
BAJAJFINSV,2024-09,1840.55,1973.4,2522537.238095238,7.218,FINANCE,9
BAJAJFINSV,2024-10,1975.25,1750.75,1407125.9090909092,-11.3656,FINANCE,37
BAJAJFINSV,2024-11,1754.7,1600.85,1142485.0,-8.7679,FINANCE,41
BAJFINANCE,2023-10,7967.6,7492.65,947132.25,-5.961,FINANCE,47
BAJFINANCE,2023-11,7471.9,7121.9,1182696.761904762,-4.6842,FINANCE,50
BAJFINANCE,2023-12,7259.35,7327.75,1062016.5,0.9422,FINANCE,44
BAJFINANCE,2024-01,7299.05,6862.9,1374946.6363636365,-5.9754,FINANCE,44
BAJFINANCE,2024-02,6743.3,6495.35,1253663.5238095238,-3.677,FINANCE,45
BAJFINANCE,2024-03,6571.45,7245.25,1408511.1578947369,10.2534,FINANCE,2
BAJFINANCE,2024-04,7250.95,6923.55,1305437.15,-4.5153,FINANCE,40
BAJFINANCE,2024-05,6882.7,6697.7,1164877.1818181819,-2.6879,FINANCE,29
BAJFINANCE,2024-06,6915.55,7115.55,1312547.0,2.892,FINANCE,28
BAJFINANCE,2024-07,7276.75,6806.95,1072835.0,-6.4562,FINANCE,49
BAJFINANCE,2024-08,6771.65,7200.15,969464.0,6.3279,FINANCE,7
BAJFINANCE,2024-09,7440.05,7703.0,1517015.2857142857,3.5343,FINANCE,24
BAJFINANCE,2024-10,7703.0,6889.75,1081362.0454545454,-10.5576,FINANCE,33
BAJFINANCE,2024-11,6923.6,6683.95,732210.2857142857,-3.4613,FINANCE,25
BEL,2023-10,139.2,133.25,10935307.55,-4.2744,DEFENCE,36
BEL,2023-11,132.4,145.9,10853614.285714285,10.1964,DEFENCE,17
BEL,2023-12,147.45,184.2,28086839.05,24.9237,DEFENCE,1
BEL,2024-01,184.95,185.9,18327406.454545453,0.5137,DEFENCE,26
BEL,2024-02,183.4,205.1,26109587.76190476,11.8321,DEFENCE,6
BEL,2024-03,205.6,201.5,30865538.315789472,-1.9942,DEFENCE,33
BEL,2024-04,211.1,233.75,32106156.85,10.7295,DEFENCE,5
BEL,2024-05,234.75,295.95,44256778.04545455,26.0703,DEFENCE,1
BEL,2024-06,318.65,305.9,66702625.84210526,-4.0013,DEFENCE,43
BEL,2024-07,307.65,316.05,40183776.04545455,2.7304,DEFENCE,29
BEL,2024-08,311.15,299.3,20902439.85714286,-3.8085,DEFENCE,43
BEL,2024-09,296.9,285.1,30551885.19047619,-3.9744,DEFENCE,44
BEL,2024-10,283.95,284.9,19254005.045454547,0.3346,DEFENCE,6
BEL,2024-11,288.65,280.85,19183023.5,-2.7022,DEFENCE,21
BHARTIARTL,2023-10,925.3,914.4,4436428.35,-1.178,TELECOM,21
BHARTIARTL,2023-11,913.45,1014.7,3971150.6666666665,11.0844,TELECOM,13
BHARTIARTL,2023-12,1014.7,1032.2,5669375.8,1.7246,TELECOM,43
BHARTIARTL,2024-01,1013.05,1170.7,5635022.681818182,15.5619,TELECOM,3
BHARTIARTL,2024-02,1151.2,1123.35,5672886.761904762,-2.4192,TELECOM,37
BHARTIARTL,2024-03,1128.7,1228.6,6959483.263157895,8.8509,TELECOM,3
BHARTIARTL,2024-04,1217.35,1322.3,7188653.55,8.6212,TELECOM,8
BHARTIARTL,2024-05,1304.05,1372.75,6472697.909090909,5.2682,TELECOM,10
BHARTIARTL,2024-06,1391.1,1444.05,12010161.684210526,3.8063,TELECOM,24
BHARTIARTL,2024-07,1454.0,1491.55,5299645.681818182,2.5825,TELECOM,30
BHARTIARTL,2024-08,1505.5,1589.05,7244015.571428572,5.5497,TELECOM,10
BHARTIARTL,2024-09,1571.35,1709.55,6620313.428571428,8.795,TELECOM,7
BHARTIARTL,2024-10,1698.7,1612.6,4399039.863636363,-5.0686,TELECOM,14
BHARTIARTL,2024-11,1616.45,1569.3,5206232.928571428,-2.9169,TELECOM,22
BPCL,2023-10,170.68,174.63,7286864.5,2.3143,ENERGY,9
BPCL,2023-11,178.45,217.85,13475467.142857144,22.079,ENERGY,3
BPCL,2023-12,219.0,225.33,22642671.8,2.8904,ENERGY,38
BPCL,2024-01,226.03,251.18,17928616.454545453,11.1268,ENERGY,9
BPCL,2024-02,254.23,301.93,30358422.095238097,18.7625,ENERGY,2
BPCL,2024-03,311.65,301.2,16808516.0,-3.3531,ENERGY,39
BPCL,2024-04,300.35,303.68,14662136.3,1.1087,ENERGY,24
BPCL,2024-05,317.33,313.9,16740618.818181818,-1.0809,ENERGY,22
BPCL,2024-06,333.08,303.95,21835520.47368421,-8.7456,ENERGY,48
BPCL,2024-07,304.55,350.05,17298983.772727273,14.9401,ENERGY,7
BPCL,2024-08,349.1,357.65,13714777.761904761,2.4492,ENERGY,19
BPCL,2024-09,358.45,369.95,12920208.19047619,3.2083,ENERGY,27
BPCL,2024-10,368.25,310.75,10360050.090909092,-15.6144,ENERGY,45
BPCL,2024-11,313.0,285.85,8235688.714285715,-8.6741,ENERGY,40
BRITANNIA,2023-10,4495.45,4426.5,342956.7,-1.5338,FOOD & TOBACCO,23
BRITANNIA,2023-11,4397.3,4852.65,272284.3333333333,10.3552,FOOD & TOBACCO,16
BRITANNIA,2023-12,4970.75,5338.45,353380.65,7.3973,FOOD & TOBACCO,25
BRITANNIA,2024-01,5319.8,5198.4,312594.86363636365,-2.282,FOOD & TOBACCO,33
BRITANNIA,2024-02,5148.6,4965.2,314231.4285714286,-3.5621,FOOD & TOBACCO,42
BRITANNIA,2024-03,4927.7,4911.25,301400.05263157893,-0.3338,FOOD & TOBACCO,27
BRITANNIA,2024-04,4895.2,4775.95,351396.6,-2.4361,FOOD & TOBACCO,33
BRITANNIA,2024-05,4759.65,5179.8,471702.36363636365,8.8273,FOOD & TOBACCO,5
BRITANNIA,2024-06,5167.8,5475.55,375279.6842105263,5.9551,FOOD & TOBACCO,16
BRITANNIA,2024-07,5476.5,5784.45,264742.45454545453,5.6231,FOOD & TOBACCO,23
BRITANNIA,2024-08,5730.15,5855.25,321852.1904761905,2.1832,FOOD & TOBACCO,21
BRITANNIA,2024-09,5922.15,6338.15,347008.09523809527,7.0245,FOOD & TOBACCO,11
BRITANNIA,2024-10,6446.05,5726.9,306405.13636363635,-11.1564,FOOD & TOBACCO,36
BRITANNIA,2024-11,5693.05,4848.35,590610.5,-14.8374,FOOD & TOBACCO,47
CIPLA,2023-10,1182.8,1200.0,1709754.75,1.4542,PHARMACEUTICALS,10
CIPLA,2023-11,1201.25,1212.3,1709690.7142857143,0.9199,PHARMACEUTICALS,48
CIPLA,2023-12,1205.7,1246.3,1750615.4,3.3673,PHARMACEUTICALS,37
CIPLA,2024-01,1251.0,1351.0,1843591.7727272727,7.9936,PHARMACEUTICALS,13
CIPLA,2024-02,1387.65,1480.35,1437996.5238095238,6.6804,PHARMACEUTICALS,14
CIPLA,2024-03,1470.9,1496.95,1552503.5789473683,1.771,PHARMACEUTICALS,16
CIPLA,2024-04,1498.65,1400.0,1526911.1,-6.5826,PHARMACEUTICALS,45
CIPLA,2024-05,1420.05,1447.2,2701723.6363636362,1.9119,PHARMACEUTICALS,14
CIPLA,2024-06,1452.35,1480.8,1862108.5263157894,1.9589,PHARMACEUTICALS,30
CIPLA,2024-07,1479.1,1544.3,1814393.7727272727,4.4081,PHARMACEUTICALS,27
CIPLA,2024-08,1546.2,1654.9,1555840.3333333333,7.0301,PHARMACEUTICALS,5
CIPLA,2024-09,1646.65,1654.1,1428308.1904761905,0.4524,PHARMACEUTICALS,33
CIPLA,2024-10,1664.85,1551.75,2643317.727272727,-6.7934,PHARMACEUTICALS,22
CIPLA,2024-11,1559.55,1486.5,1767651.9285714286,-4.684,PHARMACEUTICALS,32
COALINDIA,2023-10,291.9,314.25,9202691.1,7.6567,MINING,2
COALINDIA,2023-11,306.65,342.15,13308648.142857144,11.5767,MINING,10
COALINDIA,2023-12,346.65,376.0,14358737.95,8.4668,MINING,22
COALINDIA,2024-01,381.8,406.15,14455081.636363637,6.3777,MINING,16
COALINDIA,2024-02,406.7,436.7,17678162.57142857,7.3764,MINING,11
COALINDIA,2024-03,446.35,434.1,11404937.157894736,-2.7445,MINING,38
COALINDIA,2024-04,442.05,454.3,8168270.25,2.7712,MINING,16
COALINDIA,2024-05,453.9,491.2,16102765.136363637,8.2177,MINING,6
COALINDIA,2024-06,512.35,473.15,13445461.315789474,-7.651,MINING,47
COALINDIA,2024-07,474.8,522.2,10618549.136363637,9.9832,MINING,12
COALINDIA,2024-08,540.4,524.95,11710572.80952381,-2.859,MINING,40
COALINDIA,2024-09,520.85,510.15,9068139.714285715,-2.0543,MINING,39
COALINDIA,2024-10,508.5,452.05,7523208.909090909,-11.1013,MINING,35
COALINDIA,2024-11,454.15,414.05,8541692.785714285,-8.8297,MINING,43
DRREDDY,2023-10,1092.34,1073.51,1917281.5,-1.7238,PHARMACEUTICALS,25
DRREDDY,2023-11,1069.29,1157.63,1969615.9523809524,8.2616,PHARMACEUTICALS,23
DRREDDY,2023-12,1149.88,1159.58,2654779.5,0.8436,PHARMACEUTICALS,45
DRREDDY,2024-01,1164.33,1224.23,2088839.7727272727,5.1446,PHARMACEUTICALS,18
DRREDDY,2024-02,1198.63,1284.85,2025208.8095238095,7.1932,PHARMACEUTICALS,12
DRREDDY,2024-03,1238.71,1231.58,1555205.7894736843,-0.5756,PHARMACEUTICALS,29
DRREDDY,2024-04,1250.07,1240.86,1785384.75,-0.7368,PHARMACEUTICALS,27
DRREDDY,2024-05,1257.5,1158.37,2598034.772727273,-7.8831,PHARMACEUTICALS,47
DRREDDY,2024-06,1156.66,1280.47,3195962.8947368423,10.7041,PHARMACEUTICALS,9
DRREDDY,2024-07,1270.74,1350.1,2039648.4090909092,6.2452,PHARMACEUTICALS,20
DRREDDY,2024-08,1377.59,1406.27,1696442.142857143,2.0819,PHARMACEUTICALS,22
DRREDDY,2024-09,1374.43,1350.32,2038720.0,-1.7542,PHARMACEUTICALS,38
DRREDDY,2024-10,1349.82,1274.2,1584838.2272727273,-5.6022,PHARMACEUTICALS,17
DRREDDY,2024-11,1259.6,1214.45,1644483.0,-3.5845,PHARMACEUTICALS,26
EICHERMOT,2023-10,3351.4,3295.55,390608.4,-1.6665,AUTOMOBILES,24
EICHERMOT,2023-11,3282.25,3896.9,564666.5714285715,18.7265,AUTOMOBILES,4
EICHERMOT,2023-12,3891.2,4143.5,757144.95,6.4839,AUTOMOBILES,28
EICHERMOT,2024-01,4038.35,3839.6,611638.7272727273,-4.9216,AUTOMOBILES,41
EICHERMOT,2024-02,3933.2,3792.4,661975.619047619,-3.5798,AUTOMOBILES,43
EICHERMOT,2024-03,3843.55,4019.3,742349.6315789474,4.5726,AUTOMOBILES,9
EICHERMOT,2024-04,3946.65,4597.4,886381.35,16.4887,AUTOMOBILES,1
EICHERMOT,2024-05,4602.4,4733.45,676440.9545454546,2.8474,AUTOMOBILES,12
EICHERMOT,2024-06,4670.85,4672.95,662009.1578947369,0.045,AUTOMOBILES,35
EICHERMOT,2024-07,4635.55,4962.7,569268.1818181818,7.0574,AUTOMOBILES,18
EICHERMOT,2024-08,4968.8,4960.5,644558.6666666666,-0.167,AUTOMOBILES,32
EICHERMOT,2024-09,4911.95,5026.25,526938.619047619,2.327,AUTOMOBILES,30
EICHERMOT,2024-10,4972.65,4894.65,632091.5909090909,-1.5686,AUTOMOBILES,9
EICHERMOT,2024-11,4953.6,4986.2,573760.2857142857,0.6581,AUTOMOBILES,11
GRASIM,2023-10,1913.84,1879.23,689796.15,-1.8084,TEXTILES,26
GRASIM,2023-11,1861.15,1997.51,478592.6666666667,7.3267,TEXTILES,29
GRASIM,2023-12,2008.07,2126.35,662628.5,5.8902,TEXTILES,31
GRASIM,2024-01,2118.88,2175.0,703907.9090909091,2.6486,TEXTILES,23
GRASIM,2024-02,2128.6,2191.4,1131224.0,2.9503,TEXTILES,25
GRASIM,2024-03,2254.9,2287.3,831368.8421052631,1.4369,TEXTILES,20
GRASIM,2024-04,2292.55,2411.65,706089.6,5.1951,TEXTILES,11
GRASIM,2024-05,2437.35,2316.25,797099.5,-4.9685,TEXTILES,41
GRASIM,2024-06,2368.8,2670.45,1260354.7894736843,12.7343,TEXTILES,5
GRASIM,2024-07,2726.4,2776.75,929884.4545454546,1.8468,TEXTILES,31
GRASIM,2024-08,2767.0,2698.85,1002852.5714285715,-2.463,TEXTILES,39
GRASIM,2024-09,2690.8,2795.55,794298.8571428572,3.8929,TEXTILES,22
GRASIM,2024-10,2801.15,2695.85,555981.5,-3.7592,TEXTILES,13
GRASIM,2024-11,2698.9,2598.65,658212.4285714285,-3.7145,TEXTILES,28
HCLTECH,2023-10,1238.7,1276.0,2531355.05,3.0112,SOFTWARE,7
HCLTECH,2023-11,1258.95,1340.9,1838924.380952381,6.5094,SOFTWARE,30
HCLTECH,2023-12,1336.7,1466.1,2861619.65,9.6806,SOFTWARE,16
HCLTECH,2024-01,1483.75,1576.0,3234152.5454545454,6.2174,SOFTWARE,17
HCLTECH,2024-02,1577.4,1663.85,2656466.095238095,5.4805,SOFTWARE,18
HCLTECH,2024-03,1644.1,1543.55,2945788.052631579,-6.1158,SOFTWARE,47
HCLTECH,2024-04,1556.7,1366.6,3656425.4,-12.2117,SOFTWARE,50
HCLTECH,2024-05,1360.7,1324.1,3953026.6818181816,-2.6898,SOFTWARE,30
HCLTECH,2024-06,1314.45,1459.6,4054973.210526316,11.0426,SOFTWARE,8
HCLTECH,2024-07,1468.85,1642.6,3704316.9545454546,11.829,SOFTWARE,10
HCLTECH,2024-08,1640.55,1753.25,2564616.380952381,6.8696,SOFTWARE,6
HCLTECH,2024-09,1806.65,1796.1,2674737.238095238,-0.584,SOFTWARE,37
HCLTECH,2024-10,1816.5,1766.05,2664621.727272727,-2.7773,SOFTWARE,11
HCLTECH,2024-11,1757.4,1898.4,2116383.9285714286,8.0232,SOFTWARE,3
HDFCBANK,2023-10,1508.05,1476.5,15754397.45,-2.0921,BANKING,27
HDFCBANK,2023-11,1474.5,1558.8,13963042.238095239,5.7172,BANKING,34
HDFCBANK,2023-12,1555.4,1709.25,18913261.05,9.8913,BANKING,15
HDFCBANK,2024-01,1698.1,1462.55,27769884.545454547,-13.8714,BANKING,50
HDFCBANK,2024-02,1466.35,1403.4,22524270.38095238,-4.293,BANKING,46
HDFCBANK,2024-03,1430.75,1447.9,24412998.52631579,1.1987,BANKING,21
HDFCBANK,2024-04,1470.5,1520.1,18112464.3,3.373,BANKING,15
HDFCBANK,2024-05,1532.25,1531.55,16872551.0,-0.0457,BANKING,17
HDFCBANK,2024-06,1572.2,1683.8,24096740.263157893,7.0983,BANKING,15
HDFCBANK,2024-07,1705.2,1615.75,23956244.727272727,-5.2457,BANKING,48
HDFCBANK,2024-08,1638.8,1636.9,26968139.61904762,-0.1159,BANKING,31
HDFCBANK,2024-09,1626.95,1732.05,14933115.476190476,6.4599,BANKING,14
HDFCBANK,2024-10,1726.2,1735.7,16465239.954545455,0.5503,BANKING,5
HDFCBANK,2024-11,1737.3,1745.6,14216314.285714285,0.4778,BANKING,12
HDFCLIFE,2023-10,633.55,618.35,3039799.45,-2.3992,INSURANCE,30
HDFCLIFE,2023-11,620.05,690.75,2281875.380952381,11.4023,INSURANCE,12
HDFCLIFE,2023-12,682.15,646.7,3826346.15,-5.1968,INSURANCE,50
HDFCLIFE,2024-01,648.7,576.6,4543244.0,-11.1145,INSURANCE,48
HDFCLIFE,2024-02,587.1,582.0,4598497.285714285,-0.8687,INSURANCE,35
HDFCLIFE,2024-03,589.95,633.35,5154517.052631579,7.3566,INSURANCE,6
HDFCLIFE,2024-04,634.75,583.65,5412598.4,-8.0504,INSURANCE,48
HDFCLIFE,2024-05,576.35,549.85,6189975.136363637,-4.5979,INSURANCE,40
HDFCLIFE,2024-06,550.1,595.05,6355981.7894736845,8.1712,INSURANCE,12
HDFCLIFE,2024-07,600.75,715.5,5836444.454545454,19.1011,INSURANCE,2
HDFCLIFE,2024-08,713.6,738.7,4632784.238095238,3.5174,INSURANCE,15
HDFCLIFE,2024-09,745.3,718.0,3397496.523809524,-3.663,INSURANCE,43
HDFCLIFE,2024-10,710.2,720.15,3104446.409090909,1.401,INSURANCE,2
HDFCLIFE,2024-11,723.7,688.2,2403052.8571428573,-4.9053,INSURANCE,33
HEROMOTOCO,2023-10,3015.6,3088.35,523823.55,2.4125,AUTOMOBILES,8
HEROMOTOCO,2023-11,3092.45,3819.05,843737.5714285715,23.4959,AUTOMOBILES,2
HEROMOTOCO,2023-12,3760.0,4139.55,796992.1,10.0944,AUTOMOBILES,14
HEROMOTOCO,2024-01,4118.55,4621.55,705925.1363636364,12.213,AUTOMOBILES,7
HEROMOTOCO,2024-02,4586.7,4426.5,797549.9523809524,-3.4927,AUTOMOBILES,41
HEROMOTOCO,2024-03,4507.1,4722.3,593128.052631579,4.7747,AUTOMOBILES,7
HEROMOTOCO,2024-04,4680.75,4543.05,763516.15,-2.9418,AUTOMOBILES,35
HEROMOTOCO,2024-05,4561.5,5119.6,860658.7272727273,12.235,AUTOMOBILES,3
HEROMOTOCO,2024-06,5160.6,5579.6,883698.5263157894,8.1192,AUTOMOBILES,13
HEROMOTOCO,2024-07,5603.1,5488.45,544980.1818181818,-2.0462,AUTOMOBILES,43
HEROMOTOCO,2024-08,5371.85,5455.4,744937.0952380953,1.5553,AUTOMOBILES,25
HEROMOTOCO,2024-09,5578.2,5712.4,793306.2857142857,2.4058,AUTOMOBILES,29
HEROMOTOCO,2024-10,5750.1,4989.55,683105.2272727273,-13.2267,AUTOMOBILES,40
HEROMOTOCO,2024-11,5020.5,4794.1,721005.8571428572,-4.5095,AUTOMOBILES,30
HINDALCO,2023-10,479.95,459.5,5360605.7,-4.2609,ALUMINIUM,35
HINDALCO,2023-11,462.7,515.65,5313897.19047619,11.4437,ALUMINIUM,11
HINDALCO,2023-12,517.2,614.85,5959184.95,18.8805,ALUMINIUM,4
HINDALCO,2024-01,610.4,579.35,4940086.363636363,-5.0868,ALUMINIUM,42
HINDALCO,2024-02,571.25,503.85,10394452.523809524,-11.7987,ALUMINIUM,50
HINDALCO,2024-03,519.1,560.25,6321062.52631579,7.9272,ALUMINIUM,5
HINDALCO,2024-04,568.6,644.4,8815334.7,13.331,ALUMINIUM,3
HINDALCO,2024-05,641.45,689.35,10035048.818181818,7.4675,ALUMINIUM,7
HINDALCO,2024-06,695.95,693.55,9112907.315789474,-0.3449,ALUMINIUM,37
HINDALCO,2024-07,689.85,669.6,5484885.181818182,-2.9354,ALUMINIUM,44
HINDALCO,2024-08,673.5,701.35,7229626.857142857,4.1351,ALUMINIUM,13
HINDALCO,2024-09,683.9,756.2,6615661.142857143,10.5717,ALUMINIUM,4
HINDALCO,2024-10,761.55,686.05,4914562.2272727275,-9.914,ALUMINIUM,31
HINDALCO,2024-11,690.9,652.1,8041978.214285715,-5.6159,ALUMINIUM,35
HINDUNILVR,2023-10,2468.9,2484.0,1517242.65,0.6116,FMCG,16
HINDUNILVR,2023-11,2472.25,2545.55,1260288.3333333333,2.9649,FMCG,42
HINDUNILVR,2023-12,2563.65,2663.95,1839184.6,3.9124,FMCG,36
HINDUNILVR,2024-01,2654.75,2481.55,1729728.5,-6.5242,FMCG,45
HINDUNILVR,2024-02,2473.6,2412.3,1454862.6666666667,-2.4782,FMCG,38
HINDUNILVR,2024-03,2409.7,2264.35,2323659.210526316,-6.0319,FMCG,46
HINDUNILVR,2024-04,2285.9,2230.45,2215858.8,-2.4257,FMCG,32
HINDUNILVR,2024-05,2226.3,2329.05,2017343.4545454546,4.6153,FMCG,11
HINDUNILVR,2024-06,2355.9,2473.05,2963060.8421052634,4.9726,FMCG,19
HINDUNILVR,2024-07,2505.1,2705.65,2210021.8181818184,8.0057,FMCG,16
HINDUNILVR,2024-08,2715.55,2778.0,1725160.619047619,2.2997,FMCG,20
HINDUNILVR,2024-09,2789.05,2958.3,1837546.8095238095,6.0684,FMCG,16
HINDUNILVR,2024-10,2923.75,2528.25,1767962.0454545454,-13.5271,FMCG,42
HINDUNILVR,2024-11,2537.5,2445.25,1297244.357142857,-3.6355,FMCG,27
ICICIBANK,2023-10,940.3,915.35,10529870.6,-2.6534,BANKING,32
ICICIBANK,2023-11,914.05,934.95,11915380.666666666,2.2865,BANKING,44
ICICIBANK,2023-12,946.7,996.6,16875167.0,5.2709,BANKING,34
ICICIBANK,2024-01,999.4,1028.15,18857401.727272727,2.8767,BANKING,20
ICICIBANK,2024-02,1025.15,1052.2,13125952.476190476,2.6386,BANKING,26
ICICIBANK,2024-03,1086.9,1093.3,18522645.684210528,0.5888,BANKING,25
ICICIBANK,2024-04,1099.65,1150.4,14407710.25,4.6151,BANKING,14
ICICIBANK,2024-05,1139.45,1121.05,13553020.5,-1.6148,BANKING,25
ICICIBANK,2024-06,1160.0,1199.6,23446804.842105262,3.4138,BANKING,26
ICICIBANK,2024-07,1211.85,1214.9,15372454.136363637,0.2517,BANKING,36
ICICIBANK,2024-08,1210.1,1229.2,12043646.333333334,1.5784,BANKING,24
ICICIBANK,2024-09,1229.95,1273.0,15491626.857142856,3.5001,BANKING,25
ICICIBANK,2024-10,1274.4,1292.25,14052484.590909092,1.4007,BANKING,3
ICICIBANK,2024-11,1291.8,1278.05,10533045.285714285,-1.0644,BANKING,17
INDUSINDBK,2023-10,1435.4,1441.3,3213091.95,0.411,BANKING,19
INDUSINDBK,2023-11,1432.6,1466.1,5089423.952380952,2.3384,BANKING,43
INDUSINDBK,2023-12,1461.05,1598.95,2619473.65,9.4384,BANKING,17
INDUSINDBK,2024-01,1598.85,1534.05,3887153.0,-4.0529,BANKING,39
INDUSINDBK,2024-02,1541.15,1474.9,3080262.6666666665,-4.2987,BANKING,47
INDUSINDBK,2024-03,1526.65,1553.0,3836934.263157895,1.726,BANKING,17
INDUSINDBK,2024-04,1542.4,1515.7,3386213.1,-1.7311,BANKING,30
INDUSINDBK,2024-05,1505.2,1461.85,3249089.0454545454,-2.88,BANKING,34
INDUSINDBK,2024-06,1529.7,1464.5,5101680.736842105,-4.2623,BANKING,44
INDUSINDBK,2024-07,1456.9,1427.8,3660748.5,-1.9974,BANKING,42
INDUSINDBK,2024-08,1419.85,1425.25,4209806.0,0.3803,BANKING,29
INDUSINDBK,2024-09,1449.05,1447.6,3173104.0476190476,-0.1001,BANKING,34
INDUSINDBK,2024-10,1409.7,1055.6,6441352.954545454,-25.1188,BANKING,50
INDUSINDBK,2024-11,1062.5,998.2,4352556.642857143,-6.0518,BANKING,37
INFY,2023-10,1434.0,1368.4,5782977.8,-4.5746,SOFTWARE,38
INFY,2023-11,1354.15,1455.15,4083732.476190476,7.4586,SOFTWARE,24
INFY,2023-12,1452.3,1542.9,6503892.15,6.2384,SOFTWARE,30
INFY,2024-01,1551.35,1660.9,7590059.136363637,7.0616,SOFTWARE,15
INFY,2024-02,1657.05,1673.9,4841609.80952381,1.0169,SOFTWARE,30
INFY,2024-03,1654.7,1498.05,7168047.684210527,-9.467,SOFTWARE,50
INFY,2024-04,1495.45,1420.55,9272678.35,-5.0085,SOFTWARE,42
INFY,2024-05,1414.45,1406.9,7964333.681818182,-0.5338,SOFTWARE,20
INFY,2024-06,1405.9,1566.75,9322866.736842105,11.4411,SOFTWARE,6
INFY,2024-07,1590.8,1868.25,8750878.318181818,17.4409,SOFTWARE,3
INFY,2024-08,1852.6,1943.7,5936690.047619048,4.9174,SOFTWARE,11
INFY,2024-09,1964.5,1875.6,6398538.19047619,-4.5253,SOFTWARE,47
INFY,2024-10,1904.35,1757.25,5644601.045454546,-7.7244,SOFTWARE,26
INFY,2024-11,1760.85,1902.25,4906114.285714285,8.0302,SOFTWARE,2
ITC,2023-10,439.75,428.4,9194018.05,-2.581,FOOD & TOBACCO,31
ITC,2023-11,428.1,435.8,7484016.761904762,1.7986,FOOD & TOBACCO,46
ITC,2023-12,449.8,462.1,12735818.15,2.7345,FOOD & TOBACCO,39
ITC,2024-01,468.05,441.55,13003602.681818182,-5.6618,FOOD & TOBACCO,43
ITC,2024-02,442.9,406.3,17929650.19047619,-8.2637,FOOD & TOBACCO,49
ITC,2024-03,409.5,428.35,25645813.94736842,4.6032,FOOD & TOBACCO,8
ITC,2024-04,426.7,435.65,13099974.15,2.0975,FOOD & TOBACCO,17
ITC,2024-05,439.0,426.45,15096298.590909092,-2.8588,FOOD & TOBACCO,33
ITC,2024-06,430.35,424.9,18505353.210526317,-1.2664,FOOD & TOBACCO,38
ITC,2024-07,429.05,495.35,18854944.318181816,15.4527,FOOD & TOBACCO,5
ITC,2024-08,493.7,501.9,11877620.142857144,1.6609,FOOD & TOBACCO,23
ITC,2024-09,510.05,518.15,12152327.19047619,1.5881,FOOD & TOBACCO,32
ITC,2024-10,516.2,488.8,12295888.727272727,-5.308,FOOD & TOBACCO,15
ITC,2024-11,490.3,474.65,9346839.0,-3.1919,FOOD & TOBACCO,23
JSWSTEEL,2023-10,770.25,736.35,1607824.1,-4.4012,STEEL,37
JSWSTEEL,2023-11,724.45,801.1,1737249.8095238095,10.5804,STEEL,14
JSWSTEEL,2023-12,810.8,880.25,2558237.9,8.5656,STEEL,21
JSWSTEEL,2024-01,877.6,818.65,1685188.5454545454,-6.7172,STEEL,46
JSWSTEEL,2024-02,801.7,800.1,2107260.380952381,-0.1996,STEEL,32
JSWSTEEL,2024-03,836.2,830.2,2984225.8421052634,-0.7175,STEEL,30
JSWSTEEL,2024-04,871.95,882.2,2863157.2,1.1755,STEEL,22
JSWSTEEL,2024-05,890.35,880.55,2814395.1818181816,-1.1007,STEEL,23
JSWSTEEL,2024-06,915.3,931.5,2571108.3684210526,1.7699,STEEL,32
JSWSTEEL,2024-07,943.9,928.25,1780068.5,-1.658,STEEL,41
JSWSTEEL,2024-08,934.55,941.1,2293195.1428571427,0.7009,STEEL,27
JSWSTEEL,2024-09,940.45,1030.05,2365192.6666666665,9.5274,STEEL,6
JSWSTEEL,2024-10,1027.3,963.65,1989463.3181818181,-6.1959,STEEL,18
JSWSTEEL,2024-11,968.3,977.35,1806980.5,0.9346,STEEL,10
KOTAKBANK,2023-10,1727.05,1739.4,3525487.0,0.7151,BANKING,15
KOTAKBANK,2023-11,1724.4,1755.45,2740092.904761905,1.8006,BANKING,45
KOTAKBANK,2023-12,1750.5,1908.1,3652332.2,9.0031,BANKING,19
KOTAKBANK,2024-01,1909.15,1825.25,5494778.7272727275,-4.3946,BANKING,40
KOTAKBANK,2024-02,1822.75,1689.45,4356151.333333333,-7.3131,BANKING,48
KOTAKBANK,2024-03,1727.7,1785.5,5387212.7894736845,3.3455,BANKING,14
KOTAKBANK,2024-04,1790.7,1623.95,10315189.75,-9.312,BANKING,49
KOTAKBANK,2024-05,1575.65,1680.4,8445533.636363637,6.6481,BANKING,9
KOTAKBANK,2024-06,1718.05,1802.5,8080650.421052632,4.9155,BANKING,20
KOTAKBANK,2024-07,1808.1,1807.9,5853390.0,-0.0111,BANKING,37
KOTAKBANK,2024-08,1792.65,1780.8,3723684.380952381,-0.661,BANKING,34
KOTAKBANK,2024-09,1780.25,1853.95,4675137.523809524,4.1399,BANKING,21
KOTAKBANK,2024-10,1879.4,1731.1,4834694.590909091,-7.8908,BANKING,27
KOTAKBANK,2024-11,1744.4,1761.45,3035751.8571428573,0.9774,BANKING,9
LT,2023-10,3073.25,2929.05,1985825.0,-4.6921,ENGINEERING,40
LT,2023-11,2895.3,3109.2,1436018.2857142857,7.3878,ENGINEERING,27
LT,2023-12,3190.65,3526.0,1960220.0,10.5104,ENGINEERING,13
LT,2024-01,3525.45,3479.75,2143113.1818181816,-1.2963,ENGINEERING,31
LT,2024-02,3398.0,3477.55,2816711.380952381,2.3411,ENGINEERING,28
LT,2024-03,3633.5,3763.9,2360577.5263157897,3.5888,ENGINEERING,13
LT,2024-04,3838.0,3594.3,2129997.45,-6.3497,ENGINEERING,44
LT,2024-05,3599.5,3669.3,3408177.1818181816,1.9392,ENGINEERING,13
LT,2024-06,3897.15,3548.45,4242069.631578947,-8.9476,ENGINEERING,49
LT,2024-07,3526.55,3815.0,2888082.3636363638,8.1794,ENGINEERING,15
LT,2024-08,3779.3,3704.65,1958509.1904761905,-1.9752,ENGINEERING,38
LT,2024-09,3683.1,3675.55,2267270.8571428573,-0.205,ENGINEERING,35
LT,2024-10,3653.5,3622.3,2541307.090909091,-0.854,ENGINEERING,7
LT,2024-11,3626.35,3603.5,1444174.4285714286,-0.6301,ENGINEERING,16
M&M,2023-10,1537.4,1458.6,2149978.15,-5.1255,AUTOMOBILES,41
M&M,2023-11,1454.6,1647.75,2493879.3333333335,13.2786,AUTOMOBILES,7
M&M,2023-12,1625.5,1729.4,2488148.35,6.3919,AUTOMOBILES,29
M&M,2024-01,1703.3,1651.55,2278983.1818181816,-3.0382,AUTOMOBILES,38
M&M,2024-02,1651.15,1932.4,3433380.904761905,17.0336,AUTOMOBILES,3
M&M,2024-03,1972.95,1921.35,3738497.5263157897,-2.6154,AUTOMOBILES,36
M&M,2024-04,1915.95,2156.35,3004184.25,12.5473,AUTOMOBILES,4
M&M,2024-05,2185.15,2506.25,3665846.727272727,14.6946,AUTOMOBILES,2
M&M,2024-06,2634.0,2866.65,3991125.052631579,8.8326,AUTOMOBILES,10
M&M,2024-07,2875.85,2907.8,2942579.3636363638,1.111,AUTOMOBILES,33
M&M,2024-08,2828.4,2805.4,2678555.523809524,-0.8132,AUTOMOBILES,36
M&M,2024-09,2777.0,3094.9,3301402.6666666665,11.4476,AUTOMOBILES,1
M&M,2024-10,3165.5,2728.55,3717310.3636363638,-13.8035,AUTOMOBILES,44
M&M,2024-11,2817.65,3012.95,3682047.5714285714,6.9313,AUTOMOBILES,4
MARUTI,2023-10,10346.9,10392.3,447950.9,0.4388,AUTOMOBILES,18
MARUTI,2023-11,10227.8,10608.7,380949.04761904763,3.7242,AUTOMOBILES,40
MARUTI,2023-12,10585.7,10302.3,667190.15,-2.6772,AUTOMOBILES,49
MARUTI,2024-01,10283.3,10186.9,608650.7272727273,-0.9374,AUTOMOBILES,30
MARUTI,2024-02,10638.0,11288.35,570438.9523809524,6.1135,AUTOMOBILES,17
MARUTI,2024-03,11620.95,12600.35,546501.3157894737,8.4279,AUTOMOBILES,4
MARUTI,2024-04,12569.6,12817.5,510719.55,1.9722,AUTOMOBILES,19
MARUTI,2024-05,12805.35,12399.3,505314.7727272727,-3.1709,AUTOMOBILES,37
MARUTI,2024-06,12476.15,12033.85,608773.947368421,-3.5452,AUTOMOBILES,42
MARUTI,2024-07,12108.65,13115.8,650144.1818181818,8.3176,AUTOMOBILES,14
MARUTI,2024-08,13359.05,12403.0,661430.8571428572,-7.1566,AUTOMOBILES,50
MARUTI,2024-09,12427.4,13238.0,515140.95238095237,6.5227,AUTOMOBILES,13
MARUTI,2024-10,13166.0,11076.45,686419.5909090909,-15.8708,AUTOMOBILES,46
MARUTI,2024-11,11110.0,11063.6,444169.78571428574,-0.4176,AUTOMOBILES,14
NESTLEIND,2023-10,2231.52,2423.48,939541.5,8.6022,FOOD & TOBACCO,1
NESTLEIND,2023-11,2387.27,2423.61,578436.1904761905,1.5222,FOOD & TOBACCO,47
NESTLEIND,2023-12,2433.86,2658.03,1012211.0,9.2105,FOOD & TOBACCO,18
NESTLEIND,2024-01,2737.24,2506.0,952900.0454545454,-8.4479,FOOD & TOBACCO,47
NESTLEIND,2024-02,2467.8,2596.2,776387.6666666666,5.203,FOOD & TOBACCO,20
NESTLEIND,2024-03,2601.45,2622.35,1001073.2105263158,0.8034,FOOD & TOBACCO,24
NESTLEIND,2024-04,2585.6,2507.4,1241918.55,-3.0244,FOOD & TOBACCO,36
NESTLEIND,2024-05,2512.3,2354.9,838680.7727272727,-6.2652,FOOD & TOBACCO,45
NESTLEIND,2024-06,2355.05,2551.65,870334.3684210526,8.348,FOOD & TOBACCO,11
NESTLEIND,2024-07,2568.1,2456.35,943757.3181818182,-4.3515,FOOD & TOBACCO,46
NESTLEIND,2024-08,2484.0,2500.75,782794.7142857143,0.6743,FOOD & TOBACCO,28
NESTLEIND,2024-09,2509.9,2689.95,1109004.2857142857,7.1736,FOOD & TOBACCO,10
NESTLEIND,2024-10,2707.05,2262.95,1171654.6818181819,-16.4053,FOOD & TOBACCO,48
NESTLEIND,2024-11,2282.3,2247.3,803122.5714285715,-1.5335,FOOD & TOBACCO,19
NTPC,2023-10,241.2,235.8,12608192.9,-2.2388,POWER,29
NTPC,2023-11,232.6,261.3,9312939.238095239,12.3388,POWER,9
NTPC,2023-12,268.95,311.15,19013683.4,15.6906,POWER,6
NTPC,2024-01,309.75,317.5,18753834.90909091,2.502,POWER,24
NTPC,2024-02,322.0,335.6,15702418.61904762,4.2236,POWER,22
NTPC,2024-03,343.5,335.8,18397444.157894738,-2.2416,POWER,35
NTPC,2024-04,342.35,363.2,16848621.3,6.0903,POWER,10
NTPC,2024-05,369.05,359.0,14183057.590909092,-2.7232,POWER,31
NTPC,2024-06,391.8,378.35,24179060.842105262,-3.4329,POWER,40
NTPC,2024-07,369.75,416.0,20717590.40909091,12.5085,POWER,9
NTPC,2024-08,423.45,416.2,16658618.476190476,-1.7121,POWER,37
NTPC,2024-09,410.0,443.2,19544738.19047619,8.0976,POWER,8
NTPC,2024-10,440.1,408.15,13851684.454545455,-7.2597,POWER,23
NTPC,2024-11,411.35,365.45,12617864.92857143,-11.1584,POWER,46
ONGC,2023-10,184.6,186.15,9330553.4,0.8397,ENERGY,14
ONGC,2023-11,186.7,194.95,9918227.57142857,4.4189,ENERGY,37
ONGC,2023-12,194.55,205.05,17467379.8,5.3971,ENERGY,32
ONGC,2024-01,205.35,252.25,25458727.045454547,22.8391,ENERGY,1
ONGC,2024-02,247.65,264.6,23133329.523809522,6.8443,ENERGY,13
ONGC,2024-03,270.55,268.05,15562292.684210526,-0.924,ENERGY,31
ONGC,2024-04,269.9,282.85,22063132.55,4.7981,ENERGY,13
ONGC,2024-05,282.8,264.35,13781880.227272727,-6.524,ENERGY,46
ONGC,2024-06,284.1,274.2,22996475.210526317,-3.4847,ENERGY,41
ONGC,2024-07,272.95,334.2,29326708.727272727,22.44,ENERGY,1
ONGC,2024-08,341.75,330.75,23968700.285714287,-3.2187,ENERGY,42
ONGC,2024-09,326.2,297.6,19362515.666666668,-8.7676,ENERGY,49
ONGC,2024-10,291.95,266.15,13830615.954545455,-8.8371,ENERGY,29
ONGC,2024-11,271.75,245.6,12966434.57142857,-9.6228,ENERGY,45
POWERGRID,2023-10,199.55,202.15,13031303.2,1.3029,POWER,13
POWERGRID,2023-11,200.95,208.95,14063174.714285715,3.9811,POWER,39
POWERGRID,2023-12,210.2,237.2,22783571.75,12.8449,POWER,9
POWERGRID,2024-01,238.25,259.3,16741239.090909092,8.8353,POWER,12
POWERGRID,2024-02,265.8,282.85,28071567.523809522,6.4146,POWER,15
POWERGRID,2024-03,287.7,276.9,20613308.36842105,-3.7539,POWER,42
POWERGRID,2024-04,280.15,301.85,16789361.5,7.7459,POWER,9
POWERGRID,2024-05,313.6,310.0,17745588.227272727,-1.148,POWER,24
POWERGRID,2024-06,337.65,330.95,25834426.789473683,-1.9843,POWER,39
POWERGRID,2024-07,329.6,348.2,13435792.0,5.6432,POWER,22
POWERGRID,2024-08,361.1,337.4,12686822.19047619,-6.5633,POWER,48
POWERGRID,2024-09,335.55,352.85,16536021.904761905,5.1557,POWER,19
POWERGRID,2024-10,350.8,320.8,13280123.681818182,-8.5519,POWER,28
POWERGRID,2024-11,322.05,336.95,14192955.07142857,4.6266,POWER,6
RELIANCE,2023-10,1159.08,1143.95,10283667.9,-1.3053,ENERGY,22
RELIANCE,2023-11,1148.7,1188.72,9863562.095238095,3.4839,ENERGY,41
RELIANCE,2023-12,1197.15,1292.47,12773131.5,7.9622,ENERGY,24
RELIANCE,2024-01,1295.13,1426.63,12089006.363636363,10.1534,ENERGY,11
RELIANCE,2024-02,1426.65,1460.8,11371931.523809524,2.3937,ENERGY,27
RELIANCE,2024-03,1492.13,1485.85,11904999.894736841,-0.4209,ENERGY,28
RELIANCE,2024-04,1484.78,1467.0,10974860.0,-1.1975,ENERGY,28
RELIANCE,2024-05,1466.55,1430.4,10937314.727272727,-2.465,ENERGY,28
RELIANCE,2024-06,1510.33,1565.4,16792089.789473683,3.6462,ENERGY,25
RELIANCE,2024-07,1560.15,1505.43,10458643.909090908,-3.5074,ENERGY,45
RELIANCE,2024-08,1515.3,1509.63,12360454.19047619,-0.3742,ENERGY,33
RELIANCE,2024-09,1516.25,1476.58,14176900.19047619,-2.6163,ENERGY,41
RELIANCE,2024-10,1464.83,1332.05,18217019.90909091,-9.0645,ENERGY,30
RELIANCE,2024-11,1338.65,1265.4,14566239.92857143,-5.4719,ENERGY,34
SBILIFE,2023-10,1292.45,1367.85,1031123.4,5.8339,INSURANCE,4
SBILIFE,2023-11,1336.05,1435.25,994000.0476190476,7.4249,INSURANCE,25
SBILIFE,2023-12,1423.65,1432.6,1402378.65,0.6287,INSURANCE,46
SBILIFE,2024-01,1432.1,1401.15,1390619.8636363635,-2.1612,INSURANCE,32
SBILIFE,2024-02,1432.75,1552.55,1246674.3333333333,8.3615,INSURANCE,8
SBILIFE,2024-03,1542.15,1500.25,1249179.4736842106,-2.717,INSURANCE,37
SBILIFE,2024-04,1489.95,1436.55,1422099.3,-3.584,INSURANCE,37
SBILIFE,2024-05,1460.9,1386.4,1314976.5454545454,-5.0996,INSURANCE,43
SBILIFE,2024-06,1391.5,1491.95,1497837.2105263157,7.2188,INSURANCE,14
SBILIFE,2024-07,1501.85,1753.65,1542225.8181818181,16.766,INSURANCE,4
SBILIFE,2024-08,1767.25,1850.3,1350992.380952381,4.6994,INSURANCE,12
SBILIFE,2024-09,1888.75,1844.0,1450447.619047619,-2.3693,INSURANCE,40
SBILIFE,2024-10,1834.2,1622.15,1592247.6363636365,-11.5609,INSURANCE,38
SBILIFE,2024-11,1628.85,1485.15,1393741.642857143,-8.8222,INSURANCE,42
SBIN,2023-10,602.95,565.55,12920092.6,-6.2028,BANKING,48
SBIN,2023-11,566.4,564.75,12790705.095238095,-0.2913,BANKING,49
SBIN,2023-12,571.75,642.05,17861585.9,12.2956,BANKING,11
SBIN,2024-01,641.35,640.5,16897748.772727273,-0.1325,BANKING,29
SBIN,2024-02,647.65,748.1,25555549.42857143,15.5099,BANKING,4
SBIN,2024-03,769.15,752.35,18963170.52631579,-2.1842,BANKING,34
SBIN,2024-04,758.3,826.25,15551987.7,8.9608,BANKING,7
SBIN,2024-05,830.05,830.35,18461937.59090909,0.0361,BANKING,16
SBIN,2024-06,905.65,848.95,30171659.89473684,-6.2607,BANKING,45
SBIN,2024-07,841.95,872.4,16015685.909090908,3.6166,BANKING,28
SBIN,2024-08,862.65,815.6,13430586.666666666,-5.4541,BANKING,44
SBIN,2024-09,822.15,787.9,16280884.476190476,-4.1659,BANKING,45
SBIN,2024-10,796.95,820.2,13867295.909090908,2.9174,BANKING,1
SBIN,2024-11,821.2,816.05,15654069.0,-0.6271,BANKING,15
SHRIRAMFIN,2023-10,1921.95,1879.85,1354208.65,-2.1905,FINANCE,28
SHRIRAMFIN,2023-11,1902.25,2007.2,887556.5714285715,5.5172,FINANCE,35
SHRIRAMFIN,2023-12,2003.25,2053.3,1338445.05,2.4984,FINANCE,40
SHRIRAMFIN,2024-01,2048.85,2466.8,1452206.5454545454,20.3992,FINANCE,2
SHRIRAMFIN,2024-02,2397.2,2438.6,1338793.0476190476,1.727,FINANCE,29
SHRIRAMFIN,2024-03,2450.45,2359.8,2135742.8421052634,-3.6993,FINANCE,41
SHRIRAMFIN,2024-04,2431.75,2551.7,1425611.45,4.9327,FINANCE,12
SHRIRAMFIN,2024-05,2582.1,2354.05,1303869.0,-8.832,FINANCE,48
SHRIRAMFIN,2024-06,2509.15,2911.5,1888342.9473684211,16.0353,FINANCE,2
SHRIRAMFIN,2024-07,2924.25,2931.95,1641304.9090909092,0.2633,FINANCE,35
SHRIRAMFIN,2024-08,2989.25,3204.5,1284734.7142857143,7.2008,FINANCE,4
SHRIRAMFIN,2024-09,3225.25,3576.95,1102354.5238095238,10.9046,FINANCE,3
SHRIRAMFIN,2024-10,3570.4,3138.9,1641078.7272727273,-12.0855,FINANCE,39
SHRIRAMFIN,2024-11,3150.95,2850.05,1056382.0714285714,-9.5495,FINANCE,44
SUNPHARMA,2023-10,1141.45,1088.6,1715924.6,-4.6301,PHARMACEUTICALS,39
SUNPHARMA,2023-11,1116.2,1225.85,1742414.6666666667,9.8235,PHARMACEUTICALS,19
SUNPHARMA,2023-12,1231.25,1259.45,1959001.6,2.2904,PHARMACEUTICALS,41
SUNPHARMA,2024-01,1260.25,1418.45,2154068.6818181816,12.5531,PHARMACEUTICALS,6
SUNPHARMA,2024-02,1407.95,1577.95,2441654.238095238,12.0743,PHARMACEUTICALS,5
SUNPHARMA,2024-03,1559.25,1620.55,2801593.3684210526,3.9314,PHARMACEUTICALS,12
SUNPHARMA,2024-04,1629.25,1502.1,2822856.85,-7.8042,PHARMACEUTICALS,46
SUNPHARMA,2024-05,1519.0,1459.8,2810935.8636363638,-3.8973,PHARMACEUTICALS,38
SUNPHARMA,2024-06,1453.05,1520.85,2540971.052631579,4.666,PHARMACEUTICALS,21
SUNPHARMA,2024-07,1520.1,1719.35,1951169.2727272727,13.1077,PHARMACEUTICALS,8
SUNPHARMA,2024-08,1715.2,1821.65,2268918.3333333335,6.2063,PHARMACEUTICALS,8
SUNPHARMA,2024-09,1815.95,1926.7,1948447.5238095238,6.0987,PHARMACEUTICALS,15
SUNPHARMA,2024-10,1919.95,1848.9,1741320.2727272727,-3.7006,PHARMACEUTICALS,12
SUNPHARMA,2024-11,1858.4,1795.3,1867011.4285714286,-3.3954,PHARMACEUTICALS,24
TATACONSUM,2023-10,861.2,889.44,1468908.8,3.2791,FMCG,6
TATACONSUM,2023-11,892.06,929.2,1339671.4761904762,4.1634,FMCG,38
TATACONSUM,2023-12,931.27,1073.46,1677254.0,15.2684,FMCG,8
TATACONSUM,2024-01,1066.84,1104.27,1649444.7727272727,3.5085,FMCG,19
TATACONSUM,2024-02,1115.78,1175.44,1547528.238095238,5.3469,FMCG,19
TATACONSUM,2024-03,1186.26,1082.74,2028583.2631578948,-8.7266,FMCG,49
TATACONSUM,2024-04,1073.56,1094.74,2507551.45,1.9729,FMCG,18
TATACONSUM,2024-05,1077.75,1047.23,1803477.6818181819,-2.8318,FMCG,32
TATACONSUM,2024-06,1056.02,1083.98,1680435.8421052631,2.6477,FMCG,29
TATACONSUM,2024-07,1081.11,1188.95,2029911.1818181819,9.9749,FMCG,13
TATACONSUM,2024-08,1208.35,1200.15,1184598.8095238095,-0.6786,FMCG,35
TATACONSUM,2024-09,1199.7,1196.95,1965297.0476190476,-0.2292,FMCG,36
TATACONSUM,2024-10,1196.25,1002.55,1925627.7272727273,-16.1923,FMCG,47
TATACONSUM,2024-11,1004.1,945.2,1257014.642857143,-5.8659,FMCG,36
TATAMOTORS,2023-10,620.45,628.65,10792507.7,1.3216,AUTOMOBILES,12
TATAMOTORS,2023-11,627.7,706.4,10494763.0,12.5378,AUTOMOBILES,8
TATAMOTORS,2023-12,705.45,779.95,10717580.35,10.5606,AUTOMOBILES,12
TATAMOTORS,2024-01,790.6,884.2,10745015.272727273,11.8391,AUTOMOBILES,8
TATAMOTORS,2024-02,878.5,950.2,10515794.285714285,8.1616,AUTOMOBILES,10
TATAMOTORS,2024-03,977.4,992.8,14460677.0,1.5756,AUTOMOBILES,18
TATAMOTORS,2024-04,992.25,1007.9,8463883.8,1.5772,AUTOMOBILES,20
TATAMOTORS,2024-05,1027.8,923.0,13960834.909090908,-10.1965,AUTOMOBILES,50
TATAMOTORS,2024-06,950.45,989.75,13036301.631578946,4.1349,AUTOMOBILES,23
TATAMOTORS,2024-07,1002.05,1156.65,12384427.090909092,15.4284,AUTOMOBILES,6
TATAMOTORS,2024-08,1144.4,1111.35,13561102.57142857,-2.888,AUTOMOBILES,41
TATAMOTORS,2024-09,1092.65,974.65,14117062.285714285,-10.7994,AUTOMOBILES,50
TATAMOTORS,2024-10,965.2,834.05,12492282.772727273,-13.5879,AUTOMOBILES,43
TATAMOTORS,2024-11,843.45,791.0,14203170.42857143,-6.2185,AUTOMOBILES,38
TATASTEEL,2023-10,128.0,118.75,25818910.9,-7.2266,STEEL,50
TATASTEEL,2023-11,116.6,127.9,26731442.85714286,9.6913,STEEL,20
TATASTEEL,2023-12,130.0,139.6,37577953.8,7.3846,STEEL,26
TATASTEEL,2024-01,139.85,135.95,38385797.18181818,-2.7887,STEEL,35
TATASTEEL,2024-02,134.8,140.85,39721527.809523806,4.4881,STEEL,21
TATASTEEL,2024-03,149.95,155.85,73684815.10526316,3.9346,STEEL,11
TATASTEEL,2024-04,163.15,165.0,56166458.8,1.1339,STEEL,23
TATASTEEL,2024-05,167.35,167.2,46173301.54545455,-0.0896,STEEL,18
TATASTEEL,2024-06,174.25,174.01,53602065.2631579,-0.1377,STEEL,36
TATASTEEL,2024-07,174.07,165.33,37303642.81818182,-5.021,STEEL,47
TATASTEEL,2024-08,163.06,152.76,50787608.14285714,-6.3167,STEEL,47
TATASTEEL,2024-09,152.88,168.55,48270302.85714286,10.2499,STEEL,5
TATASTEEL,2024-10,167.03,148.56,40468184.86363637,-11.0579,STEEL,34
TATASTEEL,2024-11,149.75,142.78,44491667.0,-4.6544,STEEL,31
TCS,2023-10,3513.85,3368.75,1990905.3,-4.1294,SOFTWARE,34
TCS,2023-11,3330.65,3487.6,1732437.3333333333,4.7123,SOFTWARE,36
TCS,2023-12,3511.65,3793.4,2278609.75,8.0233,SOFTWARE,23
TCS,2024-01,3811.1,3815.95,2193024.272727273,0.1273,SOFTWARE,28
TCS,2024-02,3854.15,4095.1,2067182.3333333333,6.2517,SOFTWARE,16
TCS,2024-03,4094.35,3876.3,3027095.6315789474,-5.3256,SOFTWARE,45
TCS,2024-04,3916.75,3820.65,2505099.35,-2.4536,SOFTWARE,34
TCS,2024-05,3863.3,3670.95,2204043.1363636362,-4.9789,SOFTWARE,42
TCS,2024-06,3702.85,3904.15,2582541.263157895,5.4364,SOFTWARE,18
TCS,2024-07,3978.2,4385.35,3172397.590909091,10.2345,SOFTWARE,11
TCS,2024-08,4397.1,4553.75,2109493.4285714286,3.5626,SOFTWARE,14
TCS,2024-09,4521.05,4268.5,2225427.3333333335,-5.5861,SOFTWARE,48
TCS,2024-10,4287.9,3968.45,2322457.1363636362,-7.45,SOFTWARE,24
TCS,2024-11,3984.2,4244.6,2074680.7857142857,6.5358,SOFTWARE,5
TECHM,2023-10,1216.2,1133.15,2255211.7,-6.8286,SOFTWARE,49
TECHM,2023-11,1125.1,1220.95,1476703.8095238095,8.5192,SOFTWARE,21
TECHM,2023-12,1220.55,1272.65,2350342.6,4.2686,SOFTWARE,35
TECHM,2024-01,1297.15,1333.65,2714771.4545454546,2.8139,SOFTWARE,22
TECHM,2024-02,1312.5,1273.85,1812389.0952380951,-2.9448,SOFTWARE,39
TECHM,2024-03,1271.8,1248.1,1762338.4736842106,-1.8635,SOFTWARE,32
TECHM,2024-04,1244.55,1263.5,2986270.9,1.5226,SOFTWARE,21
TECHM,2024-05,1266.9,1228.45,1815893.4090909092,-3.035,SOFTWARE,35
TECHM,2024-06,1245.35,1430.35,2537608.3157894737,14.8553,SOFTWARE,4
TECHM,2024-07,1472.1,1554.4,2271559.1818181816,5.5907,SOFTWARE,24
TECHM,2024-08,1544.45,1636.5,1986679.0476190476,5.9601,SOFTWARE,9
TECHM,2024-09,1646.65,1577.2,2183726.1904761903,-4.2177,SOFTWARE,46
TECHM,2024-10,1625.4,1608.65,2464860.8181818184,-1.0305,SOFTWARE,8
TECHM,2024-11,1603.65,1747.45,1774701.5714285714,8.967,SOFTWARE,1
TITAN,2023-10,3196.25,3189.65,782222.75,-0.2065,RETAILING,20
TITAN,2023-11,3173.4,3490.6,816767.2380952381,9.9956,RETAILING,18
TITAN,2023-12,3489.5,3675.45,800201.45,5.3288,RETAILING,33
TITAN,2024-01,3677.15,3697.55,829516.0909090909,0.5548,RETAILING,25
TITAN,2024-02,3627.45,3624.4,982155.619047619,-0.0841,RETAILING,31
TITAN,2024-03,3765.9,3801.8,914832.1052631579,0.9533,RETAILING,23
TITAN,2024-04,3738.4,3589.25,996038.4,-3.9897,RETAILING,39
TITAN,2024-05,3568.45,3241.9,1529274.4090909092,-9.151,RETAILING,49
TITAN,2024-06,3261.2,3404.2,1734005.7894736843,4.3849,RETAILING,22
TITAN,2024-07,3431.45,3458.95,1857777.2272727273,0.8014,RETAILING,34
TITAN,2024-08,3468.35,3565.15,1206520.1904761905,2.791,RETAILING,18
TITAN,2024-09,3587.55,3823.95,1160032.761904762,6.5895,RETAILING,12
TITAN,2024-10,3775.95,3267.05,1015073.5454545454,-13.4774,RETAILING,41
TITAN,2024-11,3293.7,3308.7,1432223.357142857,0.4554,RETAILING,13
TRENT,2023-10,2059.1,2154.7,516708.95,4.6428,RETAILING,5
TRENT,2023-11,2197.65,2787.0,883866.5714285715,26.8173,RETAILING,1
TRENT,2023-12,2807.7,3054.95,623085.6,8.8061,RETAILING,20
TRENT,2024-01,3002.1,3086.95,516036.0,2.8264,RETAILING,21
TRENT,2024-02,3102.8,3881.8,1399588.142857143,25.1064,RETAILING,1
TRENT,2024-03,3901.25,3948.0,825335.8421052631,1.1983,RETAILING,22
TRENT,2024-04,3886.8,4409.9,1061531.0,13.4584,RETAILING,2
TRENT,2024-05,4646.7,4559.15,796880.9090909091,-1.8841,RETAILING,26
TRENT,2024-06,4662.2,5479.85,777020.052631579,17.5379,RETAILING,1
TRENT,2024-07,5515.65,5839.0,604571.7272727273,5.8624,RETAILING,21
TRENT,2024-08,5770.8,7158.75,1291486.0,24.0513,RETAILING,1
TRENT,2024-09,7148.2,7574.65,1135956.2857142857,5.9658,RETAILING,17
TRENT,2024-10,7612.7,7128.35,736704.9090909091,-6.3624,RETAILING,20
TRENT,2024-11,7149.0,6652.8,1335900.5,-6.9408,RETAILING,39
ULTRACEMCO,2023-10,8304.9,8422.25,355959.05,1.413,CEMENT,11
ULTRACEMCO,2023-11,8381.45,9003.65,234378.95238095237,7.4235,CEMENT,26
ULTRACEMCO,2023-12,9033.85,10503.0,498916.8,16.2627,CEMENT,5
ULTRACEMCO,2024-01,10464.0,10167.3,294974.1818181818,-2.8354,CEMENT,36
ULTRACEMCO,2024-02,9922.3,9892.4,290508.5238095238,-0.3013,CEMENT,33
ULTRACEMCO,2024-03,10135.5,9749.15,317685.2105263158,-3.8118,CEMENT,43
ULTRACEMCO,2024-04,9954.4,9971.85,392645.65,0.1753,CEMENT,25
ULTRACEMCO,2024-05,9983.45,9915.5,332804.5909090909,-0.6806,CEMENT,21
ULTRACEMCO,2024-06,10470.05,11667.9,656181.2631578947,11.4407,CEMENT,7
ULTRACEMCO,2024-07,11904.65,11887.2,401161.9090909091,-0.1466,CEMENT,38
ULTRACEMCO,2024-08,11984.5,11301.9,305158.7619047619,-5.6957,CEMENT,45
ULTRACEMCO,2024-09,11424.9,11802.0,277919.90476190473,3.3007,CEMENT,26
ULTRACEMCO,2024-10,11837.15,11065.65,337089.7727272727,-6.5176,CEMENT,21
ULTRACEMCO,2024-11,11145.8,11375.3,239509.0,2.0591,CEMENT,8
WIPRO,2023-10,405.45,381.8,4306919.1,-5.833,SOFTWARE,45
WIPRO,2023-11,380.95,413.05,4021358.5714285714,8.4263,SOFTWARE,22
WIPRO,2023-12,407.65,471.3,10263407.6,15.6139,SOFTWARE,7
WIPRO,2024-01,477.15,478.15,10852965.409090908,0.2096,SOFTWARE,27
WIPRO,2024-02,471.35,518.6,8556974.952380951,10.0244,SOFTWARE,7
WIPRO,2024-03,519.1,480.1,5859499.105263158,-7.513,SOFTWARE,48
WIPRO,2024-04,484.95,462.4,6904958.2,-4.65,SOFTWARE,41
WIPRO,2024-05,457.4,438.2,5691851.636363637,-4.1976,SOFTWARE,39
WIPRO,2024-06,444.1,514.85,11683659.47368421,15.9311,SOFTWARE,3
WIPRO,2024-07,527.35,522.0,10856422.272727273,-1.0145,SOFTWARE,40
WIPRO,2024-08,521.55,538.4,6944300.523809524,3.2308,SOFTWARE,17
WIPRO,2024-09,532.45,541.45,7360893.904761905,1.6903,SOFTWARE,31
WIPRO,2024-10,546.75,551.8,8792516.318181818,0.9236,SOFTWARE,4
WIPRO,2024-11,551.35,571.65,6224133.928571428,3.6819,SOFTWARE,7
