symbol_a,symbol_b,correlation
ADANIENT,ADANIENT,1.0
ADANIENT,ADANIPORTS,0.8742327718906922
ADANIENT,APOLLOHOSP,0.13650102811323397
ADANIENT,ASIANPAINT,0.2915825013322293
ADANIENT,AXISBANK,0.29773589538619555
ADANIENT,BAJAJ-AUTO,0.2018713827275942
ADANIENT,BAJAJFINSV,0.35654728196026436
ADANIENT,BAJFINANCE,0.3360313317631641
ADANIENT,BEL,0.5226803439273445
ADANIENT,BHARTIARTL,0.2828588856679531
ADANIENT,BPCL,0.45528917443931105
ADANIENT,BRITANNIA,0.13065452751712736
ADANIENT,CIPLA,0.09423833987571031
ADANIENT,COALINDIA,0.49453393923651795
ADANIENT,DRREDDY,0.16455213475025532
ADANIENT,EICHERMOT,0.33164697118309283
ADANIENT,GRASIM,0.34446791320876796
ADANIENT,HCLTECH,0.13991584818529543
ADANIENT,HDFCBANK,0.33811803466909623
ADANIENT,HDFCLIFE,0.21683936983717594
ADANIENT,HEROMOTOCO,0.20857649616245805
ADANIENT,HINDALCO,0.3049663395211938
ADANIENT,HINDUNILVR,-0.0007956567569890336
ADANIENT,ICICIBANK,0.3945843733469138
ADANIENT,INDUSINDBK,0.39134697585260536
ADANIENT,INFY,0.1151490132008911
ADANIENT,ITC,0.2458028586259034
ADANIENT,JSWSTEEL,0.40566412739227775
ADANIENT,KOTAKBANK,0.24375207896029524
ADANIENT,LT,0.4831361669543136
ADANIENT,M&M,0.3045447926385933
ADANIENT,MARUTI,0.31565893828886393
ADANIENT,NESTLEIND,0.11501655149208942
ADANIENT,NTPC,0.5459596333932084
ADANIENT,ONGC,0.4849098585045118
ADANIENT,POWERGRID,0.4039462756861802
ADANIENT,RELIANCE,0.48709678829663877
ADANIENT,SBILIFE,0.2891926637601976
ADANIENT,SBIN,0.5446973988449255
ADANIENT,SHRIRAMFIN,0.4102982543331034
ADANIENT,SUNPHARMA,0.16625555123449853
ADANIENT,TATACONSUM,0.20384725008722163
ADANIENT,TATAMOTORS,0.3240711368540584
ADANIENT,TATASTEEL,0.4235630087690204
ADANIENT,TCS,0.11579045507499162
ADANIENT,TECHM,0.14167733642876768
ADANIENT,TITAN,0.28328071027247675
ADANIENT,TRENT,0.19041163423274673
ADANIENT,ULTRACEMCO,0.3611521740873146
ADANIENT,WIPRO,0.22400300357869157
ADANIPORTS,ADANIENT,0.8742327718906922
ADANIPORTS,ADANIPORTS,1.0
ADANIPORTS,APOLLOHOSP,0.16890218696579673
ADANIPORTS,ASIANPAINT,0.2740447644421619
ADANIPORTS,AXISBANK,0.38051441375563605
ADANIPORTS,BAJAJ-AUTO,0.20445588201234385
ADANIPORTS,BAJAJFINSV,0.3980409902991861
ADANIPORTS,BAJFINANCE,0.3987688092406956
ADANIPORTS,BEL,0.5856717101385667
ADANIPORTS,BHARTIARTL,0.31653678948863245
ADANIPORTS,BPCL,0.4951165145628619
ADANIPORTS,BRITANNIA,0.13339957142274125
ADANIPORTS,CIPLA,0.09111765627994348
ADANIPORTS,COALINDIA,0.5462015362250399
ADANIPORTS,DRREDDY,0.16097227508658982
ADANIPORTS,EICHERMOT,0.2696101621425376
ADANIPORTS,GRASIM,0.3561018510820143
ADANIPORTS,HCLTECH,0.15263950984390606
ADANIPORTS,HDFCBANK,0.3753048989812308
ADANIPORTS,HDFCLIFE,0.24705928318329237
ADANIPORTS,HEROMOTOCO,0.20251187920765518
ADANIPORTS,HINDALCO,0.33776150800328864
ADANIPORTS,HINDUNILVR,0.002375597680073499
ADANIPORTS,ICICIBANK,0.44228876077180634
ADANIPORTS,INDUSINDBK,0.4224310250507616
ADANIPORTS,INFY,0.14939963769592102
ADANIPORTS,ITC,0.2737742060398364
ADANIPORTS,JSWSTEEL,0.4346056333880308
ADANIPORTS,KOTAKBANK,0.3058384052939919
ADANIPORTS,LT,0.5139742464591516
ADANIPORTS,M&M,0.31938111017856874
ADANIPORTS,MARUTI,0.30234181062017373
ADANIPORTS,NESTLEIND,0.08784346363558944
ADANIPORTS,NTPC,0.6104642922480006
ADANIPORTS,ONGC,0.5218032460309534
ADANIPORTS,POWERGRID,0.5116959571605549
ADANIPORTS,RELIANCE,0.5127359236075946
ADANIPORTS,SBILIFE,0.28461312511245185
ADANIPORTS,SBIN,0.579515887444585
ADANIPORTS,SHRIRAMFIN,0.46989037529577304
ADANIPORTS,SUNPHARMA,0.2158557940043052
ADANIPORTS,TATACONSUM,0.22065499778075612
ADANIPORTS,TATAMOTORS,0.33924128192542985
ADANIPORTS,TATASTEEL,0.46604258720999453
ADANIPORTS,TCS,0.13242270962039474
ADANIPORTS,TECHM,0.14803390244205863
ADANIPORTS,TITAN,0.2961483418084938
ADANIPORTS,TRENT,0.20107648053316038
ADANIPORTS,ULTRACEMCO,0.4024886309461049
ADANIPORTS,WIPRO,0.23898560924883147
APOLLOHOSP,ADANIENT,0.13650102811323397
APOLLOHOSP,ADANIPORTS,0.16890218696579673
APOLLOHOSP,APOLLOHOSP,1.0
APOLLOHOSP,ASIANPAINT,0.2580550091044096
APOLLOHOSP,AXISBANK,0.1793812902809024
APOLLOHOSP,BAJAJ-AUTO,0.22389982865179275
APOLLOHOSP,BAJAJFINSV,0.24939202484899445
APOLLOHOSP,BAJFINANCE,0.223142114093944
APOLLOHOSP,BEL,0.22459395037896862
APOLLOHOSP,BHARTIARTL,0.23681039201162205
APOLLOHOSP,BPCL,0.1749731116037148
APOLLOHOSP,BRITANNIA,0.2317356789069558
APOLLOHOSP,CIPLA,0.23111419982026138
APOLLOHOSP,COALINDIA,0.24353676765517565
APOLLOHOSP,DRREDDY,0.2354479973306277
APOLLOHOSP,EICHERMOT,0.2903387309533501
APOLLOHOSP,GRASIM,0.258183900052624
APOLLOHOSP,HCLTECH,0.27918102640548
APOLLOHOSP,HDFCBANK,0.11023752261978258
APOLLOHOSP,HDFCLIFE,0.1416693251268474
APOLLOHOSP,HEROMOTOCO,0.24815300033560925
APOLLOHOSP,HINDALCO,0.0625473779803071
APOLLOHOSP,HINDUNILVR,0.10786527206672766
APOLLOHOSP,ICICIBANK,0.16430302282408987
APOLLOHOSP,INDUSINDBK,0.12915176060937117
APOLLOHOSP,INFY,0.12167130146685298
APOLLOHOSP,ITC,0.1740457448901118
APOLLOHOSP,JSWSTEEL,0.27605978619516347
APOLLOHOSP,KOTAKBANK,0.13979523467214766
APOLLOHOSP,LT,0.23588316565172254
APOLLOHOSP,M&M,0.25102858599079875
APOLLOHOSP,MARUTI,0.19406246723276557
APOLLOHOSP,NESTLEIND,0.2244460291731679
APOLLOHOSP,NTPC,0.19412871147539487
APOLLOHOSP,ONGC,0.1736580399945663
APOLLOHOSP,POWERGRID,0.17843781593489988
APOLLOHOSP,RELIANCE,0.2347277056851401
APOLLOHOSP,SBILIFE,0.16070603440418743
APOLLOHOSP,SBIN,0.1828501325830731
APOLLOHOSP,SHRIRAMFIN,0.2917677029475651
APOLLOHOSP,SUNPHARMA,0.2862267006851859
APOLLOHOSP,TATACONSUM,0.096699678542963
APOLLOHOSP,TATAMOTORS,0.21235742708711508
APOLLOHOSP,TATASTEEL,0.25473089550031014
APOLLOHOSP,TCS,0.1068460170305316
APOLLOHOSP,TECHM,0.16911799216785398
APOLLOHOSP,TITAN,0.2533612455922524
APOLLOHOSP,TRENT,0.08951570956025826
APOLLOHOSP,ULTRACEMCO,0.2729509090857476
APOLLOHOSP,WIPRO,0.2237380831811699
ASIANPAINT,ADANIENT,0.2915825013322293
ASIANPAINT,ADANIPORTS,0.2740447644421619
ASIANPAINT,APOLLOHOSP,0.2580550091044096
ASIANPAINT,ASIANPAINT,1.0
ASIANPAINT,AXISBANK,0.12605495412838913
ASIANPAINT,BAJAJ-AUTO,0.16765031840915767
ASIANPAINT,BAJAJFINSV,0.2480895089244289
ASIANPAINT,BAJFINANCE,0.29692231689418414
ASIANPAINT,BEL,0.15695299268952667
ASIANPAINT,BHARTIARTL,0.14695328748843992
ASIANPAINT,BPCL,0.2157870430370839
ASIANPAINT,BRITANNIA,0.42689645037132845
ASIANPAINT,CIPLA,0.14701800416538524
ASIANPAINT,COALINDIA,0.19498635297901867
ASIANPAINT,DRREDDY,0.14996097261207375
ASIANPAINT,EICHERMOT,0.25791414980589167
ASIANPAINT,GRASIM,0.34445261938387256
ASIANPAINT,HCLTECH,0.11748352916689656
ASIANPAINT,HDFCBANK,0.26432298479719046
ASIANPAINT,HDFCLIFE,0.20602238440023707
ASIANPAINT,HEROMOTOCO,0.1801867818401592
ASIANPAINT,HINDALCO,0.21225208678156796
ASIANPAINT,HINDUNILVR,0.2698886400210458
ASIANPAINT,ICICIBANK,0.15883876844346126
ASIANPAINT,INDUSINDBK,0.18085496714967206
ASIANPAINT,INFY,0.10430989690679814
ASIANPAINT,ITC,0.27555039963027667
ASIANPAINT,JSWSTEEL,0.33356619668119664
ASIANPAINT,KOTAKBANK,0.18120213777506164
ASIANPAINT,LT,0.22310100721080928
ASIANPAINT,M&M,0.1401207308761811
ASIANPAINT,MARUTI,0.26036616156082815
ASIANPAINT,NESTLEIND,0.2826313147898836
ASIANPAINT,NTPC,0.2220637061399649
ASIANPAINT,ONGC,0.12865361589102497
ASIANPAINT,POWERGRID,0.11166498193260861
ASIANPAINT,RELIANCE,0.29496314792607853
ASIANPAINT,SBILIFE,0.22035222755305742
ASIANPAINT,SBIN,0.10786553634810252
ASIANPAINT,SHRIRAMFIN,0.2025399141372579
ASIANPAINT,SUNPHARMA,0.20226174833853694
ASIANPAINT,TATACONSUM,0.24427831720571966
ASIANPAINT,TATAMOTORS,0.10584721830751244
ASIANPAINT,TATASTEEL,0.2870503112737258
ASIANPAINT,TCS,0.16669854297765385
ASIANPAINT,TECHM,0.16295888852087534
ASIANPAINT,TITAN,0.3074044630485633
ASIANPAINT,TRENT,0.2230941660957296
ASIANPAINT,ULTRACEMCO,0.28064729044156406
ASIANPAINT,WIPRO,0.14064240159229244
AXISBANK,ADANIENT,0.29773589538619555
AXISBANK,ADANIPORTS,0.38051441375563605
AXISBANK,APOLLOHOSP,0.1793812902809024
AXISBANK,ASIANPAINT,0.12605495412838913
AXISBANK,AXISBANK,1.0
AXISBANK,BAJAJ-AUTO,0.19847726811746533
AXISBANK,BAJAJFINSV,0.39368303158577117
AXISBANK,BAJFINANCE,0.35407906457630023
AXISBANK,BEL,0.33051247245372484
AXISBANK,BHARTIARTL,0.2386016975822221
AXISBANK,BPCL,0.22293609594640457
AXISBANK,BRITANNIA,0.13077533096250715
AXISBANK,CIPLA,0.08525963060396051
AXISBANK,COALINDIA,0.33255272516175144
AXISBANK,DRREDDY,0.09146149968460622
AXISBANK,EICHERMOT,0.2861612260064072
AXISBANK,GRASIM,0.36705276889624344
AXISBANK,HCLTECH,0.10749568588042561
AXISBANK,HDFCBANK,0.42493057844684556
AXISBANK,HDFCLIFE,0.25147867968575494
AXISBANK,HEROMOTOCO,0.1725822614323336
AXISBANK,HINDALCO,0.22737454783495714
AXISBANK,HINDUNILVR,0.009843145897469005
AXISBANK,ICICIBANK,0.6367860712450544
AXISBANK,INDUSINDBK,0.33966104800646485
AXISBANK,INFY,0.08646718438208449
AXISBANK,ITC,0.27500064934151214
AXISBANK,JSWSTEEL,0.3659663237514709
AXISBANK,KOTAKBANK,0.2920391919103795
AXISBANK,LT,0.3520807556299017
AXISBANK,M&M,0.2355560287307913
AXISBANK,MARUTI,0.2603712445873796
AXISBANK,NESTLEIND,0.10034446073619788
AXISBANK,NTPC,0.3948134609675543
AXISBANK,ONGC,0.31344947827043435
AXISBANK,POWERGRID,0.294692628398174
AXISBANK,RELIANCE,0.42345648695274773
AXISBANK,SBILIFE,0.18305336272358966
AXISBANK,SBIN,0.5161224530316103
AXISBANK,SHRIRAMFIN,0.44856441977753825
AXISBANK,SUNPHARMA,0.14399116186911057
AXISBANK,TATACONSUM,0.1397468760601615
AXISBANK,TATAMOTORS,0.23214517169866175
AXISBANK,TATASTEEL,0.37095708164183383
AXISBANK,TCS,0.0946685266965614
AXISBANK,TECHM,0.1364691783195106
AXISBANK,TITAN,0.14593141014981456
AXISBANK,TRENT,0.19974789949861588
AXISBANK,ULTRACEMCO,0.3970237616996549
AXISBANK,WIPRO,0.20780225668871427
BAJAJ-AUTO,ADANIENT,0.2018713827275942
BAJAJ-AUTO,ADANIPORTS,0.20445588201234385
BAJAJ-AUTO,APOLLOHOSP,0.22389982865179275
BAJAJ-AUTO,ASIANPAINT,0.16765031840915767
BAJAJ-AUTO,AXISBANK,0.19847726811746533
BAJAJ-AUTO,BAJAJ-AUTO,1.0
BAJAJ-AUTO,BAJAJFINSV,0.23765422527427105
BAJAJ-AUTO,BAJFINANCE,0.17855355039207552
BAJAJ-AUTO,BEL,0.23342951573397247
BAJAJ-AUTO,BHARTIARTL,0.26205443101372006
BAJAJ-AUTO,BPCL,0.21553089516939256
BAJAJ-AUTO,BRITANNIA,0.09470688126432453
BAJAJ-AUTO,CIPLA,0.04353632458552275
BAJAJ-AUTO,COALINDIA,0.225769933155767
BAJAJ-AUTO,DRREDDY,0.1048900615339811
BAJAJ-AUTO,EICHERMOT,0.27613010745461614
BAJAJ-AUTO,GRASIM,0.2006611069523685
BAJAJ-AUTO,HCLTECH,0.12451594805403986
BAJAJ-AUTO,HDFCBANK,0.1822326625269816
BAJAJ-AUTO,HDFCLIFE,0.19190170740372323
BAJAJ-AUTO,HEROMOTOCO,0.4068006967052391
BAJAJ-AUTO,HINDALCO,0.21686021726845914
BAJAJ-AUTO,HINDUNILVR,0.12495520284345998
BAJAJ-AUTO,ICICIBANK,0.10852224778301449
BAJAJ-AUTO,INDUSINDBK,0.20611752897820393
BAJAJ-AUTO,INFY,-0.0034872383004443987
BAJAJ-AUTO,ITC,0.14041332240898494
BAJAJ-AUTO,JSWSTEEL,0.22346056490339763
BAJAJ-AUTO,KOTAKBANK,0.08262777274474209
BAJAJ-AUTO,LT,0.17576285397902433
BAJAJ-AUTO,M&M,0.27162767362712065
BAJAJ-AUTO,MARUTI,0.3420054021668423
BAJAJ-AUTO,NESTLEIND,0.17900471577742583
BAJAJ-AUTO,NTPC,0.20255979200490437
BAJAJ-AUTO,ONGC,0.1878708958366479
BAJAJ-AUTO,POWERGRID,0.16836442536932567
BAJAJ-AUTO,RELIANCE,0.2469613290708274
BAJAJ-AUTO,SBILIFE,0.19021110505454747
BAJAJ-AUTO,SBIN,0.15485382685813512
BAJAJ-AUTO,SHRIRAMFIN,0.3011416075976083
BAJAJ-AUTO,SUNPHARMA,0.1499568504484307
BAJAJ-AUTO,TATACONSUM,0.1851350828121931
BAJAJ-AUTO,TATAMOTORS,0.294698277500844
BAJAJ-AUTO,TATASTEEL,0.2836905519549172
BAJAJ-AUTO,TCS,0.017590812364384093
BAJAJ-AUTO,TECHM,0.037877025808404886
BAJAJ-AUTO,TITAN,0.20105970208514465
BAJAJ-AUTO,TRENT,0.22339932769929818
BAJAJ-AUTO,ULTRACEMCO,0.26334151930303756
BAJAJ-AUTO,WIPRO,0.10249225299600981
BAJAJFINSV,ADANIENT,0.35654728196026436
BAJAJFINSV,ADANIPORTS,0.3980409902991861
BAJAJFINSV,APOLLOHOSP,0.24939202484899445
BAJAJFINSV,ASIANPAINT,0.2480895089244289
BAJAJFINSV,AXISBANK,0.39368303158577117
BAJAJFINSV,BAJAJ-AUTO,0.23765422527427105
BAJAJFINSV,BAJAJFINSV,1.0
BAJAJFINSV,BAJFINANCE,0.7487227478618119
BAJAJFINSV,BEL,0.3462608024731707
BAJAJFINSV,BHARTIARTL,0.2576637600359031
BAJAJFINSV,BPCL,0.3452858837599202
BAJAJFINSV,BRITANNIA,0.22547755496666103
BAJAJFINSV,CIPLA,0.13592832671322808
BAJAJFINSV,COALINDIA,0.27973864895104394
BAJAJFINSV,DRREDDY,0.2577564916617612
BAJAJFINSV,EICHERMOT,0.2413557153873387
BAJAJFINSV,GRASIM,0.4350985039815248
BAJAJFINSV,HCLTECH,0.26782642256031913
BAJAJFINSV,HDFCBANK,0.3187053884007639
BAJAJFINSV,HDFCLIFE,0.34735050469943846
BAJAJFINSV,HEROMOTOCO,0.23621133941250186
BAJAJFINSV,HINDALCO,0.29624170160014573
BAJAJFINSV,HINDUNILVR,0.13945401694298298
BAJAJFINSV,ICICIBANK,0.41541877646453335
BAJAJFINSV,INDUSINDBK,0.42296026356210936
BAJAJFINSV,INFY,0.24134770192708113
BAJAJFINSV,ITC,0.30363592271009415
BAJAJFINSV,JSWSTEEL,0.44752583139088487
BAJAJFINSV,KOTAKBANK,0.2731039751871352
BAJAJFINSV,LT,0.3989924119426429
BAJAJFINSV,M&M,0.3376841895934924
BAJAJFINSV,MARUTI,0.32927555061094294
BAJAJFINSV,NESTLEIND,0.2737449871748948
BAJAJFINSV,NTPC,0.39122550744968687
BAJAJFINSV,ONGC,0.3057365564941464
BAJAJFINSV,POWERGRID,0.3070340339723172
BAJAJFINSV,RELIANCE,0.4072007302530863
BAJAJFINSV,SBILIFE,0.4057174140421663
BAJAJFINSV,SBIN,0.41985865031145836
BAJAJFINSV,SHRIRAMFIN,0.46879071013864454
BAJAJFINSV,SUNPHARMA,0.213243267518819
BAJAJFINSV,TATACONSUM,0.3044968379064375
BAJAJFINSV,TATAMOTORS,0.28016899304461806
BAJAJFINSV,TATASTEEL,0.4565703359871316
BAJAJFINSV,TCS,0.2348415286667764
BAJAJFINSV,TECHM,0.2042760675568545
BAJAJFINSV,TITAN,0.3295268898746543
BAJAJFINSV,TRENT,0.2011333559796427
BAJAJFINSV,ULTRACEMCO,0.46310659739899224
BAJAJFINSV,WIPRO,0.3066495143438878
BAJFINANCE,ADANIENT,0.3360313317631641
BAJFINANCE,ADANIPORTS,0.3987688092406956
BAJFINANCE,APOLLOHOSP,0.223142114093944
BAJFINANCE,ASIANPAINT,0.29692231689418414
BAJFINANCE,AXISBANK,0.35407906457630023
BAJFINANCE,BAJAJ-AUTO,0.17855355039207552
BAJFINANCE,BAJAJFINSV,0.7487227478618119
BAJFINANCE,BAJFINANCE,1.0
BAJFINANCE,BEL,0.31582182849130636
BAJFINANCE,BHARTIARTL,0.2916412273413865
BAJFINANCE,BPCL,0.2726077448987997
BAJFINANCE,BRITANNIA,0.20793572741340904
BAJFINANCE,CIPLA,0.053728416249761435
BAJFINANCE,COALINDIA,0.2802464284976224
BAJFINANCE,DRREDDY,0.08830834706220486
BAJFINANCE,EICHERMOT,0.1895783026920611
BAJFINANCE,GRASIM,0.3689801356272415
BAJFINANCE,HCLTECH,0.18318710876005104
BAJFINANCE,HDFCBANK,0.3316323063963939
BAJFINANCE,HDFCLIFE,0.3071010890830492
BAJFINANCE,HEROMOTOCO,0.17123927720211993
BAJFINANCE,HINDALCO,0.2545385705775563
BAJFINANCE,HINDUNILVR,0.127433323506749
BAJFINANCE,ICICIBANK,0.35000757601999377
BAJFINANCE,INDUSINDBK,0.4062664984286061
BAJFINANCE,INFY,0.1974462437124762
BAJFINANCE,ITC,0.30440358287275265
BAJFINANCE,JSWSTEEL,0.39093433598758565
BAJFINANCE,KOTAKBANK,0.315904194544074
BAJFINANCE,LT,0.3789189931383417
BAJFINANCE,M&M,0.2679731846701756
BAJFINANCE,MARUTI,0.28124404371038425
BAJFINANCE,NESTLEIND,0.24697473503701836
BAJFINANCE,NTPC,0.32826019804141093
BAJFINANCE,ONGC,0.31629740550245333
BAJFINANCE,POWERGRID,0.24510084205888233
BAJFINANCE,RELIANCE,0.41334172764902644
BAJFINANCE,SBILIFE,0.335100937267961
BAJFINANCE,SBIN,0.39769633642397356
BAJFINANCE,SHRIRAMFIN,0.4616176412939546
BAJFINANCE,SUNPHARMA,0.13726193957843952
BAJFINANCE,TATACONSUM,0.23636949321363698
BAJFINANCE,TATAMOTORS,0.21274826620313564
BAJFINANCE,TATASTEEL,0.3816158260831061
BAJFINANCE,TCS,0.17442474436881075
BAJFINANCE,TECHM,0.17336015861682663
BAJFINANCE,TITAN,0.2690388885654182
BAJFINANCE,TRENT,0.2291884576301165
BAJFINANCE,ULTRACEMCO,0.43455823502959556
BAJFINANCE,WIPRO,0.2385161788096081
BEL,ADANIENT,0.5226803439273445
BEL,ADANIPORTS,0.5856717101385667
BEL,APOLLOHOSP,0.22459395037896862
BEL,ASIANPAINT,0.15695299268952667
BEL,AXISBANK,0.33051247245372484
BEL,BAJAJ-AUTO,0.23342951573397247
BEL,BAJAJFINSV,0.3462608024731707
BEL,BAJFINANCE,0.31582182849130636
BEL,BEL,1.0
BEL,BHARTIARTL,0.3092944172492831
BEL,BPCL,0.5058022998638141
BEL,BRITANNIA,0.07318681689648109
BEL,CIPLA,0.08240447720412877
BEL,COALINDIA,0.6202616180735312
BEL,DRREDDY,0.13147474167679138
BEL,EICHERMOT,0.28422283427027845
BEL,GRASIM,0.33792521416902865
BEL,HCLTECH,0.22404080222481787
BEL,HDFCBANK,0.33075150026978845
BEL,HDFCLIFE,0.2513021584213301
BEL,HEROMOTOCO,0.08777086588217861
BEL,HINDALCO,0.37587137589042985
BEL,HINDUNILVR,-0.058290965768311
BEL,ICICIBANK,0.3137347901782477
BEL,INDUSINDBK,0.3086074944199182
BEL,INFY,0.16470542530909557
BEL,ITC,0.2301950077706419
BEL,JSWSTEEL,0.4587833717218399
BEL,KOTAKBANK,0.266513702493666
BEL,LT,0.5914014227519674
BEL,M&M,0.36949762406352044
BEL,MARUTI,0.2246422837268991
BEL,NESTLEIND,0.06531680419809151
BEL,NTPC,0.607886402882183
BEL,ONGC,0.5723767986317229
BEL,POWERGRID,0.5447558899699269
BEL,RELIANCE,0.49250685924445414
BEL,SBILIFE,0.20993910373733968
BEL,SBIN,0.5802134538500828
BEL,SHRIRAMFIN,0.47548008008820714
BEL,SUNPHARMA,0.16353067159456544
BEL,TATACONSUM,0.17580872844609702
BEL,TATAMOTORS,0.3671733408603183
BEL,TATASTEEL,0.5203646257642723
BEL,TCS,0.12075804541099913
BEL,TECHM,0.22239481016575469
BEL,TITAN,0.16676677160419995
BEL,TRENT,0.26341500708955246
BEL,ULTRACEMCO,0.43550141959102606
BEL,WIPRO,0.2558540800203393
BHARTIARTL,ADANIENT,0.2828588856679531
BHARTIARTL,ADANIPORTS,0.31653678948863245
BHARTIARTL,APOLLOHOSP,0.23681039201162205
BHARTIARTL,ASIANPAINT,0.14695328748843992
BHARTIARTL,AXISBANK,0.2386016975822221
BHARTIARTL,BAJAJ-AUTO,0.26205443101372006
BHARTIARTL,BAJAJFINSV,0.2576637600359031
BHARTIARTL,BAJFINANCE,0.2916412273413865
BHARTIARTL,BEL,0.3092944172492831
BHARTIARTL,BHARTIARTL,1.0
BHARTIARTL,BPCL,0.2650199796002171
BHARTIARTL,BRITANNIA,0.12122592780048837
BHARTIARTL,CIPLA,0.11996289410969121
BHARTIARTL,COALINDIA,0.2670370815406414
BHARTIARTL,DRREDDY,0.17809431030362347
BHARTIARTL,EICHERMOT,0.2947335761302531
BHARTIARTL,GRASIM,0.2971920079441291
BHARTIARTL,HCLTECH,0.2584367995257953
BHARTIARTL,HDFCBANK,0.21102824534153175
BHARTIARTL,HDFCLIFE,0.21503195908791412
BHARTIARTL,HEROMOTOCO,0.18391083276731263
BHARTIARTL,HINDALCO,0.29414928424467274
BHARTIARTL,HINDUNILVR,0.15853115551028493
BHARTIARTL,ICICIBANK,0.3666095767942784
BHARTIARTL,INDUSINDBK,0.23163899240921432
BHARTIARTL,INFY,0.28884601431215595
BHARTIARTL,ITC,0.26051545813380483
BHARTIARTL,JSWSTEEL,0.36482968466234794
BHARTIARTL,KOTAKBANK,0.3189908649455067
BHARTIARTL,LT,0.3239434796463674
BHARTIARTL,M&M,0.2919226925527728
BHARTIARTL,MARUTI,0.3480794838446675
BHARTIARTL,NESTLEIND,0.1060858205561435
BHARTIARTL,NTPC,0.36618679536727483
BHARTIARTL,ONGC,0.34641140970960943
BHARTIARTL,POWERGRID,0.3112279801484063
BHARTIARTL,RELIANCE,0.3659946828398583
BHARTIARTL,SBILIFE,0.2417230638954148
BHARTIARTL,SBIN,0.290364140540602
BHARTIARTL,SHRIRAMFIN,0.3607986754842975
BHARTIARTL,SUNPHARMA,0.27222667665739547
BHARTIARTL,TATACONSUM,0.24873195165373588
BHARTIARTL,TATAMOTORS,0.26933117865011125
BHARTIARTL,TATASTEEL,0.30535156427306953
BHARTIARTL,TCS,0.19318275580109218
BHARTIARTL,TECHM,0.2723520791644865
BHARTIARTL,TITAN,0.27603700839023804
BHARTIARTL,TRENT,0.24792743014681906
BHARTIARTL,ULTRACEMCO,0.35412077020875876
BHARTIARTL,WIPRO,0.25913138188953433
BPCL,ADANIENT,0.45528917443931105
BPCL,ADANIPORTS,0.4951165145628619
BPCL,APOLLOHOSP,0.1749731116037148
BPCL,ASIANPAINT,0.2157870430370839
BPCL,AXISBANK,0.22293609594640457
BPCL,BAJAJ-AUTO,0.21553089516939256
BPCL,BAJAJFINSV,0.3452858837599202
BPCL,BAJFINANCE,0.2726077448987997
BPCL,BEL,0.5058022998638141
BPCL,BHARTIARTL,0.2650199796002171
BPCL,BPCL,1.0
BPCL,BRITANNIA,0.02018756929071287
BPCL,CIPLA,0.06544790568261598
BPCL,COALINDIA,0.6025044763162288
BPCL,DRREDDY,0.17969947595067698
BPCL,EICHERMOT,0.24659030120715233
BPCL,GRASIM,0.34824736218597874
BPCL,HCLTECH,0.13905369181873212
BPCL,HDFCBANK,0.23438045426749687
BPCL,HDFCLIFE,0.17914230672592743
BPCL,HEROMOTOCO,0.2290144722408093
BPCL,HINDALCO,0.3469617856650464
BPCL,HINDUNILVR,-0.0014986188671549845
BPCL,ICICIBANK,0.22719149472096598
BPCL,INDUSINDBK,0.3569378290536558
BPCL,INFY,0.126542243588346
BPCL,ITC,0.18157116220853695
BPCL,JSWSTEEL,0.3664248738585794
BPCL,KOTAKBANK,0.15575241690323138
BPCL,LT,0.468828215221777
BPCL,M&M,0.2805196828258847
BPCL,MARUTI,0.2887807448452299
BPCL,NESTLEIND,0.05928383502058228
BPCL,NTPC,0.5907585310320111
BPCL,ONGC,0.5952959294022607
BPCL,POWERGRID,0.5313827749885819
BPCL,RELIANCE,0.481098717806072
BPCL,SBILIFE,0.2401668415969443
BPCL,SBIN,0.5254628785296441
BPCL,SHRIRAMFIN,0.3863220247948607
BPCL,SUNPHARMA,0.20549427878277168
BPCL,TATACONSUM,0.156373457077185
BPCL,TATAMOTORS,0.4156788766040579
BPCL,TATASTEEL,0.4628854156186058
BPCL,TCS,0.175425900920932
BPCL,TECHM,0.20163162056503509
BPCL,TITAN,0.27508600155964086
BPCL,TRENT,0.21275481754652759
BPCL,ULTRACEMCO,0.40165052617642993
BPCL,WIPRO,0.211944821719478
BRITANNIA,ADANIENT,0.13065452751712736
BRITANNIA,ADANIPORTS,0.13339957142274125
BRITANNIA,APOLLOHOSP,0.2317356789069558
BRITANNIA,ASIANPAINT,0.42689645037132845
BRITANNIA,AXISBANK,0.13077533096250715
BRITANNIA,BAJAJ-AUTO,0.09470688126432453
BRITANNIA,BAJAJFINSV,0.22547755496666103
BRITANNIA,BAJFINANCE,0.20793572741340904
BRITANNIA,BEL,0.07318681689648109
BRITANNIA,BHARTIARTL,0.12122592780048837
BRITANNIA,BPCL,0.02018756929071287
BRITANNIA,BRITANNIA,1.0
BRITANNIA,CIPLA,0.14979661874768815
BRITANNIA,COALINDIA,0.0770649636487559
BRITANNIA,DRREDDY,0.18636660342425213
BRITANNIA,EICHERMOT,0.10598132969850758
BRITANNIA,GRASIM,0.21844016640295544
BRITANNIA,HCLTECH,0.11741685606537981
BRITANNIA,HDFCBANK,0.06990503111278008
BRITANNIA,HDFCLIFE,-0.0006101619056688689
BRITANNIA,HEROMOTOCO,0.18468844471408838
BRITANNIA,HINDALCO,0.10398959279612636
BRITANNIA,HINDUNILVR,0.46828334590775983
BRITANNIA,ICICIBANK,0.046590157878153265
BRITANNIA,INDUSINDBK,0.11789502838816954
BRITANNIA,INFY,0.1066992748955334
BRITANNIA,ITC,0.37640022948131746
BRITANNIA,JSWSTEEL,0.19542312489178917
BRITANNIA,KOTAKBANK,0.22539551167605787
BRITANNIA,LT,0.09259906996851873
BRITANNIA,M&M,0.1265865854047145
BRITANNIA,MARUTI,0.17399945073060336
BRITANNIA,NESTLEIND,0.4637505359571739
BRITANNIA,NTPC,0.0790820109299389
BRITANNIA,ONGC,0.03895356551339911
BRITANNIA,POWERGRID,-0.026592130238989525
BRITANNIA,RELIANCE,0.13750535117666066
BRITANNIA,SBILIFE,0.08849708581332989
BRITANNIA,SBIN,-0.0013209616659921924
BRITANNIA,SHRIRAMFIN,0.11630855727764502
BRITANNIA,SUNPHARMA,0.1879360101779578
BRITANNIA,TATACONSUM,0.4050083317635453
BRITANNIA,TATAMOTORS,0.10901851131774232
BRITANNIA,TATASTEEL,0.1188338580755277
BRITANNIA,TCS,0.1176574228785195
BRITANNIA,TECHM,0.12966400740384826
BRITANNIA,TITAN,0.07310938682866647
BRITANNIA,TRENT,0.034250779269502325
BRITANNIA,ULTRACEMCO,0.18181408288916096
BRITANNIA,WIPRO,0.1691095118602568
CIPLA,ADANIENT,0.09423833987571031
CIPLA,ADANIPORTS,0.09111765627994348
CIPLA,APOLLOHOSP,0.23111419982026138
CIPLA,ASIANPAINT,0.14701800416538524
CIPLA,AXISBANK,0.08525963060396051
CIPLA,BAJAJ-AUTO,0.04353632458552275
CIPLA,BAJAJFINSV,0.13592832671322808
CIPLA,BAJFINANCE,0.053728416249761435
CIPLA,BEL,0.08240447720412877
CIPLA,BHARTIARTL,0.11996289410969121
CIPLA,BPCL,0.06544790568261598
CIPLA,BRITANNIA,0.14979661874768815
CIPLA,CIPLA,1.0
CIPLA,COALINDIA,0.08693810419507034
CIPLA,DRREDDY,0.4122812872467553
CIPLA,EICHERMOT,0.08198272024667475
CIPLA,GRASIM,0.16755614625118978
CIPLA,HCLTECH,0.05456569566835468
CIPLA,HDFCBANK,-0.03213440034904811
CIPLA,HDFCLIFE,0.08704621175806497
CIPLA,HEROMOTOCO,0.14832452944096458
CIPLA,HINDALCO,0.09775748429176705
CIPLA,HINDUNILVR,0.042073479591646555
CIPLA,ICICIBANK,0.0817469886521778
CIPLA,INDUSINDBK,0.0464387278001757
CIPLA,INFY,0.06318707294981711
CIPLA,ITC,0.12774478934914657
CIPLA,JSWSTEEL,0.1615995702728533
CIPLA,KOTAKBANK,0.03624494443248808
CIPLA,LT,0.15863644831926704
CIPLA,M&M,0.1742578981846201
CIPLA,MARUTI,0.07938785391116626
CIPLA,NESTLEIND,0.11612688233186644
CIPLA,NTPC,0.09237528236547853
CIPLA,ONGC,0.033604062288241185
CIPLA,POWERGRID,0.12963594375339096
CIPLA,RELIANCE,0.058345290979761565
CIPLA,SBILIFE,0.1297996887802289
CIPLA,SBIN,0.02799974110682328
CIPLA,SHRIRAMFIN,0.09791128190381693
CIPLA,SUNPHARMA,0.4147589169737103
CIPLA,TATACONSUM,0.07322738443147281
CIPLA,TATAMOTORS,0.06896596173427366
CIPLA,TATASTEEL,0.1311124352118802
CIPLA,TCS,0.07902188833691759
CIPLA,TECHM,0.05219913311620206
CIPLA,TITAN,0.10752922970429055
CIPLA,TRENT,0.13647299223916814
CIPLA,ULTRACEMCO,0.1333282702269815
CIPLA,WIPRO,0.08759535187024256
COALINDIA,ADANIENT,0.49453393923651795
COALINDIA,ADANIPORTS,0.5462015362250399
COALINDIA,APOLLOHOSP,0.24353676765517565
COALINDIA,ASIANPAINT,0.19498635297901867
COALINDIA,AXISBANK,0.33255272516175144
COALINDIA,BAJAJ-AUTO,0.225769933155767
COALINDIA,BAJAJFINSV,0.27973864895104394
COALINDIA,BAJFINANCE,0.2802464284976224
COALINDIA,BEL,0.6202616180735312
COALINDIA,BHARTIARTL,0.2670370815406414
COALINDIA,BPCL,0.6025044763162288
COALINDIA,BRITANNIA,0.0770649636487559
COALINDIA,CIPLA,0.08693810419507034
COALINDIA,COALINDIA,1.0
COALINDIA,DRREDDY,0.17956027885891732
COALINDIA,EICHERMOT,0.2952071505388764
COALINDIA,GRASIM,0.2813762054329188
COALINDIA,HCLTECH,0.18763285280218953
COALINDIA,HDFCBANK,0.26937766072760755
COALINDIA,HDFCLIFE,0.2112646545037048
COALINDIA,HEROMOTOCO,0.2515720792019354
COALINDIA,HINDALCO,0.3879458739584541
COALINDIA,HINDUNILVR,-0.038130345498176295
COALINDIA,ICICIBANK,0.24860797350541586
COALINDIA,INDUSINDBK,0.34369420568839676
COALINDIA,INFY,0.11752071715232679
COALINDIA,ITC,0.24418980238539476
COALINDIA,JSWSTEEL,0.44003819846992115
COALINDIA,KOTAKBANK,0.228943802491796
COALINDIA,LT,0.48889036505851113
COALINDIA,M&M,0.29031299656008924
COALINDIA,MARUTI,0.2801732159551891
COALINDIA,NESTLEIND,0.08371886814074586
COALINDIA,NTPC,0.6177820746150615
COALINDIA,ONGC,0.6478178232214918
COALINDIA,POWERGRID,0.5340375597261456
COALINDIA,RELIANCE,0.5069564751785052
COALINDIA,SBILIFE,0.2537808499692649
COALINDIA,SBIN,0.516040029566645
COALINDIA,SHRIRAMFIN,0.42629126368416675
COALINDIA,SUNPHARMA,0.17747109824151913
COALINDIA,TATACONSUM,0.21307221678050367
COALINDIA,TATAMOTORS,0.4063151384918448
COALINDIA,TATASTEEL,0.5354247046083493
COALINDIA,TCS,0.09526341482137556
COALINDIA,TECHM,0.1781729853668627
COALINDIA,TITAN,0.2383360215458712
COALINDIA,TRENT,0.2546288946903731
COALINDIA,ULTRACEMCO,0.32122101334479675
COALINDIA,WIPRO,0.23579396811295908
DRREDDY,ADANIENT,0.16455213475025532
DRREDDY,ADANIPORTS,0.16097227508658982
DRREDDY,APOLLOHOSP,0.2354479973306277
DRREDDY,ASIANPAINT,0.14996097261207375
DRREDDY,AXISBANK,0.09146149968460622
DRREDDY,BAJAJ-AUTO,0.1048900615339811
DRREDDY,BAJAJFINSV,0.2577564916617612
DRREDDY,BAJFINANCE,0.08830834706220486
DRREDDY,BEL,0.13147474167679138
DRREDDY,BHARTIARTL,0.17809431030362347
DRREDDY,BPCL,0.17969947595067698
DRREDDY,BRITANNIA,0.18636660342425213
DRREDDY,CIPLA,0.4122812872467553
DRREDDY,COALINDIA,0.17956027885891732
DRREDDY,DRREDDY,1.0
DRREDDY,EICHERMOT,0.1380544106957669
DRREDDY,GRASIM,0.25260067890443233
DRREDDY,HCLTECH,0.2297067760071271
DRREDDY,HDFCBANK,0.139415508572311
DRREDDY,HDFCLIFE,0.1226155064328494
DRREDDY,HEROMOTOCO,0.14105412040744475
DRREDDY,HINDALCO,0.2075573042895502
DRREDDY,HINDUNILVR,0.16335780615495074
DRREDDY,ICICIBANK,0.03474269773495801
DRREDDY,INDUSINDBK,0.08662170158561452
DRREDDY,INFY,0.24261214084038682
DRREDDY,ITC,0.18601220764515985
DRREDDY,JSWSTEEL,0.2442782206628036
DRREDDY,KOTAKBANK,-0.04990045805380203
DRREDDY,LT,0.12510593527507402
DRREDDY,M&M,0.2275933128487781
DRREDDY,MARUTI,0.13839076283315427
DRREDDY,NESTLEIND,0.2180152514947763
DRREDDY,NTPC,0.20916327584857525
DRREDDY,ONGC,0.1809175310577822
DRREDDY,POWERGRID,0.1905509253780308
DRREDDY,RELIANCE,0.16029196337667473
DRREDDY,SBILIFE,0.20465401053265278
DRREDDY,SBIN,0.13819604429995
DRREDDY,SHRIRAMFIN,0.1412270575118756
DRREDDY,SUNPHARMA,0.3966864827885487
DRREDDY,TATACONSUM,0.11061534930378142
DRREDDY,TATAMOTORS,0.20012481814165411
DRREDDY,TATASTEEL,0.20722235085007384
DRREDDY,TCS,0.22321168844679296
DRREDDY,TECHM,0.2200186329222398
DRREDDY,TITAN,0.13999051002242102
DRREDDY,TRENT,0.16886989172802994
DRREDDY,ULTRACEMCO,0.2515584923990298
DRREDDY,WIPRO,0.2798386129571328
EICHERMOT,ADANIENT,0.33164697118309283
EICHERMOT,ADANIPORTS,0.2696101621425376
EICHERMOT,APOLLOHOSP,0.2903387309533501
EICHERMOT,ASIANPAINT,0.25791414980589167
EICHERMOT,AXISBANK,0.2861612260064072
EICHERMOT,BAJAJ-AUTO,0.27613010745461614
EICHERMOT,BAJAJFINSV,0.2413557153873387
EICHERMOT,BAJFINANCE,0.1895783026920611
EICHERMOT,BEL,0.28422283427027845
EICHERMOT,BHARTIARTL,0.2947335761302531
EICHERMOT,BPCL,0.24659030120715233
EICHERMOT,BRITANNIA,0.10598132969850758
EICHERMOT,CIPLA,0.08198272024667475
EICHERMOT,COALINDIA,0.2952071505388764
EICHERMOT,DRREDDY,0.1380544106957669
EICHERMOT,EICHERMOT,1.0
EICHERMOT,GRASIM,0.3788460069315661
EICHERMOT,HCLTECH,0.17760721454022615
EICHERMOT,HDFCBANK,0.28640682659972294
EICHERMOT,HDFCLIFE,0.23607874619298044
EICHERMOT,HEROMOTOCO,0.2701241888817561
EICHERMOT,HINDALCO,0.27632247515190356
EICHERMOT,HINDUNILVR,0.12002584992824754
EICHERMOT,ICICIBANK,0.35130827193487035
EICHERMOT,INDUSINDBK,0.2678058073282277
EICHERMOT,INFY,0.13271702931998292
EICHERMOT,ITC,0.2627810469831922
EICHERMOT,JSWSTEEL,0.32916958551550163
EICHERMOT,KOTAKBANK,0.24032125182374203
EICHERMOT,LT,0.337278635134227
EICHERMOT,M&M,0.35548807669007876
EICHERMOT,MARUTI,0.38859140248651347
EICHERMOT,NESTLEIND,0.1334036789974509
EICHERMOT,NTPC,0.2709340347110787
EICHERMOT,ONGC,0.24019208840280312
EICHERMOT,POWERGRID,0.21484635830841908
EICHERMOT,RELIANCE,0.33606691379693726
EICHERMOT,SBILIFE,0.31184742138228616
EICHERMOT,SBIN,0.31463548867263075
EICHERMOT,SHRIRAMFIN,0.3656603267327274
EICHERMOT,SUNPHARMA,0.17528292835579262
EICHERMOT,TATACONSUM,0.17237511343703016
EICHERMOT,TATAMOTORS,0.31662007686741156
EICHERMOT,TATASTEEL,0.31449871414501435
EICHERMOT,TCS,0.14377616471917185
EICHERMOT,TECHM,0.18957844427939843
EICHERMOT,TITAN,0.26820570294019325
EICHERMOT,TRENT,0.2346391132145663
EICHERMOT,ULTRACEMCO,0.304244015171215
EICHERMOT,WIPRO,0.2622352946442781
GRASIM,ADANIENT,0.34446791320876796
GRASIM,ADANIPORTS,0.3561018510820143
GRASIM,APOLLOHOSP,0.258183900052624
GRASIM,ASIANPAINT,0.34445261938387256
GRASIM,AXISBANK,0.36705276889624344
GRASIM,BAJAJ-AUTO,0.2006611069523685
GRASIM,BAJAJFINSV,0.4350985039815248
GRASIM,BAJFINANCE,0.3689801356272415
GRASIM,BEL,0.33792521416902865
GRASIM,BHARTIARTL,0.2971920079441291
GRASIM,BPCL,0.34824736218597874
GRASIM,BRITANNIA,0.21844016640295544
GRASIM,CIPLA,0.16755614625118978
GRASIM,COALINDIA,0.2813762054329188
GRASIM,DRREDDY,0.25260067890443233
GRASIM,EICHERMOT,0.3788460069315661
GRASIM,GRASIM,1.0
GRASIM,HCLTECH,0.15886342801522985
GRASIM,HDFCBANK,0.3006007664350249
GRASIM,HDFCLIFE,0.25409349771495404
GRASIM,HEROMOTOCO,0.28732586702383356
GRASIM,HINDALCO,0.4371894528507637
GRASIM,HINDUNILVR,0.1676321274071574
GRASIM,ICICIBANK,0.40526349815616486
GRASIM,INDUSINDBK,0.3423921319823583
GRASIM,INFY,0.1833473672409521
GRASIM,ITC,0.27867419546188293
GRASIM,JSWSTEEL,0.5078760998364702
GRASIM,KOTAKBANK,0.24638142816571143
GRASIM,LT,0.3538997325846838
GRASIM,M&M,0.30815278489612147
GRASIM,MARUTI,0.2957718713534474
GRASIM,NESTLEIND,0.2631353302597681
GRASIM,NTPC,0.39938931479831835
GRASIM,ONGC,0.32578330937037464
GRASIM,POWERGRID,0.35890715730895756
GRASIM,RELIANCE,0.40282035284794543
GRASIM,SBILIFE,0.250492552487582
GRASIM,SBIN,0.43058102176180124
GRASIM,SHRIRAMFIN,0.358049122576349
GRASIM,SUNPHARMA,0.21812160094679922
GRASIM,TATACONSUM,0.2829945522212846
GRASIM,TATAMOTORS,0.33630421218517115
GRASIM,TATASTEEL,0.46364574877882075
GRASIM,TCS,0.17994312740717625
GRASIM,TECHM,0.17511026173481065
GRASIM,TITAN,0.3682972638728635
GRASIM,TRENT,0.24146931715943976
GRASIM,ULTRACEMCO,0.5901162976104107
GRASIM,WIPRO,0.24500198872893586
HCLTECH,ADANIENT,0.13991584818529543
HCLTECH,ADANIPORTS,0.15263950984390606
HCLTECH,APOLLOHOSP,0.27918102640548
HCLTECH,ASIANPAINT,0.11748352916689656
HCLTECH,AXISBANK,0.10749568588042561
HCLTECH,BAJAJ-AUTO,0.12451594805403986
HCLTECH,BAJAJFINSV,0.26782642256031913
HCLTECH,BAJFINANCE,0.18318710876005104
HCLTECH,BEL,0.22404080222481787
HCLTECH,BHARTIARTL,0.2584367995257953
HCLTECH,BPCL,0.13905369181873212
HCLTECH,BRITANNIA,0.11741685606537981
HCLTECH,CIPLA,0.05456569566835468
HCLTECH,COALINDIA,0.18763285280218953
HCLTECH,DRREDDY,0.2297067760071271
HCLTECH,EICHERMOT,0.17760721454022615
HCLTECH,GRASIM,0.15886342801522985
HCLTECH,HCLTECH,1.0
HCLTECH,HDFCBANK,0.04492441327674658
HCLTECH,HDFCLIFE,0.12758758153591207
HCLTECH,HEROMOTOCO,0.13200455760069055
HCLTECH,HINDALCO,0.25394907677170775
HCLTECH,HINDUNILVR,0.12318501580534467
HCLTECH,ICICIBANK,0.10751677968460914
HCLTECH,INDUSINDBK,0.1218945396366945
HCLTECH,INFY,0.6897400029568795
HCLTECH,ITC,0.17785421430167275
HCLTECH,JSWSTEEL,0.25520682044884657
HCLTECH,KOTAKBANK,0.12301184832805688
HCLTECH,LT,0.2249601406981299
HCLTECH,M&M,0.19807426641505876
HCLTECH,MARUTI,0.21402796829518914
HCLTECH,NESTLEIND,0.10226297528445835
HCLTECH,NTPC,0.1626841293745512
HCLTECH,ONGC,0.21937251525111653
HCLTECH,POWERGRID,0.11698936833125385
HCLTECH,RELIANCE,0.27662855466305286
HCLTECH,SBILIFE,0.20805574892105155
HCLTECH,SBIN,0.21270998339292208
HCLTECH,SHRIRAMFIN,0.23307661944221786
HCLTECH,SUNPHARMA,0.15609948334667414
HCLTECH,TATACONSUM,0.2095399465246621
HCLTECH,TATAMOTORS,0.2693343420188279
HCLTECH,TATASTEEL,0.2687192519614349
HCLTECH,TCS,0.6290794218553654
HCLTECH,TECHM,0.5482800795106635
HCLTECH,TITAN,0.1994405969482101
HCLTECH,TRENT,0.20742160822044678
HCLTECH,ULTRACEMCO,0.2054418465312309
HCLTECH,WIPRO,0.5806673330151051
HDFCBANK,ADANIENT,0.33811803466909623
HDFCBANK,ADANIPORTS,0.3753048989812308
HDFCBANK,APOLLOHOSP,0.11023752261978258
HDFCBANK,ASIANPAINT,0.26432298479719046
HDFCBANK,AXISBANK,0.42493057844684556
HDFCBANK,BAJAJ-AUTO,0.1822326625269816
HDFCBANK,BAJAJFINSV,0.3187053884007639
HDFCBANK,BAJFINANCE,0.3316323063963939
HDFCBANK,BEL,0.33075150026978845
HDFCBANK,BHARTIARTL,0.21102824534153175
HDFCBANK,BPCL,0.23438045426749687
HDFCBANK,BRITANNIA,0.06990503111278008
HDFCBANK,CIPLA,-0.03213440034904811
HDFCBANK,COALINDIA,0.26937766072760755
HDFCBANK,DRREDDY,0.139415508572311
HDFCBANK,EICHERMOT,0.28640682659972294
HDFCBANK,GRASIM,0.3006007664350249
HDFCBANK,HCLTECH,0.04492441327674658
HDFCBANK,HDFCBANK,1.0
HDFCBANK,HDFCLIFE,0.22182829125604406
HDFCBANK,HEROMOTOCO,0.10769745075866194
HDFCBANK,HINDALCO,0.26205599620077663
HDFCBANK,HINDUNILVR,0.07931328803043683
HDFCBANK,ICICIBANK,0.43343202017590365
HDFCBANK,INDUSINDBK,0.3666265891925776
HDFCBANK,INFY,0.11001535425594604
HDFCBANK,ITC,0.16706536775383027
HDFCBANK,JSWSTEEL,0.3692665318229937
HDFCBANK,KOTAKBANK,0.4233068060804703
HDFCBANK,LT,0.34548165398634045
HDFCBANK,M&M,0.3310747964614292
HDFCBANK,MARUTI,0.2381482584916488
HDFCBANK,NESTLEIND,0.08009735208051748
HDFCBANK,NTPC,0.33896418120123023
HDFCBANK,ONGC,0.2806102267917217
HDFCBANK,POWERGRID,0.3140149287401469
HDFCBANK,RELIANCE,0.313813256464031
HDFCBANK,SBILIFE,0.21236157271541603
HDFCBANK,SBIN,0.35761420795769344
HDFCBANK,SHRIRAMFIN,0.33317606651423975
HDFCBANK,SUNPHARMA,0.07182001130779199
HDFCBANK,TATACONSUM,0.10865415793250464
HDFCBANK,TATAMOTORS,0.2049862716770668
HDFCBANK,TATASTEEL,0.3807644072947067
HDFCBANK,TCS,0.045285713021930095
HDFCBANK,TECHM,0.20466715125050258
HDFCBANK,TITAN,0.1880207165069055
HDFCBANK,TRENT,0.10273877743327112
HDFCBANK,ULTRACEMCO,0.3602093012902187
HDFCBANK,WIPRO,0.19359915108672426
HDFCLIFE,ADANIENT,0.21683936983717594
HDFCLIFE,ADANIPORTS,0.24705928318329237
HDFCLIFE,APOLLOHOSP,0.1416693251268474
HDFCLIFE,ASIANPAINT,0.20602238440023707
HDFCLIFE,AXISBANK,0.25147867968575494
HDFCLIFE,BAJAJ-AUTO,0.19190170740372323
HDFCLIFE,BAJAJFINSV,0.34735050469943846
HDFCLIFE,BAJFINANCE,0.3071010890830492
HDFCLIFE,BEL,0.2513021584213301
HDFCLIFE,BHARTIARTL,0.21503195908791412
HDFCLIFE,BPCL,0.17914230672592743
HDFCLIFE,BRITANNIA,-0.0006101619056688689
HDFCLIFE,CIPLA,0.08704621175806497
HDFCLIFE,COALINDIA,0.2112646545037048
HDFCLIFE,DRREDDY,0.1226155064328494
HDFCLIFE,EICHERMOT,0.23607874619298044
HDFCLIFE,GRASIM,0.25409349771495404
HDFCLIFE,HCLTECH,0.12758758153591207
HDFCLIFE,HDFCBANK,0.22182829125604406
HDFCLIFE,HDFCLIFE,1.0
HDFCLIFE,HEROMOTOCO,0.2175975481290658
HDFCLIFE,HINDALCO,0.20192053085212458
HDFCLIFE,HINDUNILVR,0.13667033054518485
HDFCLIFE,ICICIBANK,0.19820372116116067
HDFCLIFE,INDUSINDBK,0.18167766776174518
HDFCLIFE,INFY,0.07306761553396389
HDFCLIFE,ITC,0.1973892242985602
HDFCLIFE,JSWSTEEL,0.25802162776936577
HDFCLIFE,KOTAKBANK,0.2095446287440746
HDFCLIFE,LT,0.2580606050734376
HDFCLIFE,M&M,0.21134161568045154
HDFCLIFE,MARUTI,0.2499312399281996
HDFCLIFE,NESTLEIND,0.12410162696023953
HDFCLIFE,NTPC,0.2066614719001846
HDFCLIFE,ONGC,0.20544491663495512
HDFCLIFE,POWERGRID,0.11652007462086209
HDFCLIFE,RELIANCE,0.22170223727596008
HDFCLIFE,SBILIFE,0.5965490718202711
HDFCLIFE,SBIN,0.21970748415859812
HDFCLIFE,SHRIRAMFIN,0.3049213698677052
HDFCLIFE,SUNPHARMA,0.16851839535848304
HDFCLIFE,TATACONSUM,0.21430714759933833
HDFCLIFE,TATAMOTORS,0.22416569486239962
HDFCLIFE,TATASTEEL,0.2751765259367283
HDFCLIFE,TCS,0.11544945717421162
HDFCLIFE,TECHM,0.11952917452276812
HDFCLIFE,TITAN,0.22662237572459545
HDFCLIFE,TRENT,0.2021288353139199
HDFCLIFE,ULTRACEMCO,0.24181937039404472
HDFCLIFE,WIPRO,0.19426052160800375
HEROMOTOCO,ADANIENT,0.20857649616245805
HEROMOTOCO,ADANIPORTS,0.20251187920765518
HEROMOTOCO,APOLLOHOSP,0.24815300033560925
HEROMOTOCO,ASIANPAINT,0.1801867818401592
HEROMOTOCO,AXISBANK,0.1725822614323336
HEROMOTOCO,BAJAJ-AUTO,0.4068006967052391
HEROMOTOCO,BAJAJFINSV,0.23621133941250186
HEROMOTOCO,BAJFINANCE,0.17123927720211993
HEROMOTOCO,BEL,0.08777086588217861
HEROMOTOCO,BHARTIARTL,0.18391083276731263
HEROMOTOCO,BPCL,0.2290144722408093
HEROMOTOCO,BRITANNIA,0.18468844471408838
HEROMOTOCO,CIPLA,0.14832452944096458
HEROMOTOCO,COALINDIA,0.2515720792019354
HEROMOTOCO,DRREDDY,0.14105412040744475
HEROMOTOCO,EICHERMOT,0.2701241888817561
HEROMOTOCO,GRASIM,0.28732586702383356
HEROMOTOCO,HCLTECH,0.13200455760069055
HEROMOTOCO,HDFCBANK,0.10769745075866194
HEROMOTOCO,HDFCLIFE,0.2175975481290658
HEROMOTOCO,HEROMOTOCO,1.0
HEROMOTOCO,HINDALCO,0.23203681206431978
HEROMOTOCO,HINDUNILVR,0.20605383957921522
HEROMOTOCO,ICICIBANK,0.14165590451430626
HEROMOTOCO,INDUSINDBK,0.20333274974864
HEROMOTOCO,INFY,0.10451824532258296
HEROMOTOCO,ITC,0.10867524695525956
HEROMOTOCO,JSWSTEEL,0.21255386878694132
HEROMOTOCO,KOTAKBANK,0.14548783093948178
HEROMOTOCO,LT,0.2006956852138018
HEROMOTOCO,M&M,0.36084224875490367
HEROMOTOCO,MARUTI,0.2941136092719679
HEROMOTOCO,NESTLEIND,0.24473976363788688
HEROMOTOCO,NTPC,0.14858363979285621
HEROMOTOCO,ONGC,0.19713463957410307
HEROMOTOCO,POWERGRID,0.1376210862200542
HEROMOTOCO,RELIANCE,0.24434205373342557
HEROMOTOCO,SBILIFE,0.20195252049567514
HEROMOTOCO,SBIN,0.13669325328463705
HEROMOTOCO,SHRIRAMFIN,0.25748245243009177
HEROMOTOCO,SUNPHARMA,0.2204618593829511
HEROMOTOCO,TATACONSUM,0.21235129624272617
HEROMOTOCO,TATAMOTORS,0.29074636363997075
HEROMOTOCO,TATASTEEL,0.28777367998294917
HEROMOTOCO,TCS,0.10866546662495381
HEROMOTOCO,TECHM,0.1112428093042145
HEROMOTOCO,TITAN,0.30247981842439675
HEROMOTOCO,TRENT,0.21854493396314334
HEROMOTOCO,ULTRACEMCO,0.29538277419468284
HEROMOTOCO,WIPRO,0.20458284696276116
HINDALCO,ADANIENT,0.3049663395211938
HINDALCO,ADANIPORTS,0.33776150800328864
HINDALCO,APOLLOHOSP,0.0625473779803071
HINDALCO,ASIANPAINT,0.21225208678156796
HINDALCO,AXISBANK,0.22737454783495714
HINDALCO,BAJAJ-AUTO,0.21686021726845914
HINDALCO,BAJAJFINSV,0.29624170160014573
HINDALCO,BAJFINANCE,0.2545385705775563
HINDALCO,BEL,0.37587137589042985
HINDALCO,BHARTIARTL,0.29414928424467274
HINDALCO,BPCL,0.3469617856650464
HINDALCO,BRITANNIA,0.10398959279612636
HINDALCO,CIPLA,0.09775748429176705
HINDALCO,COALINDIA,0.3879458739584541
HINDALCO,DRREDDY,0.2075573042895502
HINDALCO,EICHERMOT,0.27632247515190356
HINDALCO,GRASIM,0.4371894528507637
HINDALCO,HCLTECH,0.25394907677170775
HINDALCO,HDFCBANK,0.26205599620077663
HINDALCO,HDFCLIFE,0.20192053085212458
HINDALCO,HEROMOTOCO,0.23203681206431978
HINDALCO,HINDALCO,1.0
HINDALCO,HINDUNILVR,0.07536048588065981
HINDALCO,ICICIBANK,0.17665388503363183
HINDALCO,INDUSINDBK,0.27913988767058223
HINDALCO,INFY,0.17839155872566248
HINDALCO,ITC,0.1455052804050285
HINDALCO,JSWSTEEL,0.6093559590991925
HINDALCO,KOTAKBANK,0.2027425469796398
HINDALCO,LT,0.3307995655738285
HINDALCO,M&M,0.297201074689898
HINDALCO,MARUTI,0.28618571281135224
HINDALCO,NESTLEIND,0.10953143991504191
HINDALCO,NTPC,0.35844289439636123
HINDALCO,ONGC,0.4098223699758876
HINDALCO,POWERGRID,0.3760865975688866
HINDALCO,RELIANCE,0.33165305401797074
HINDALCO,SBILIFE,0.17899471552580182
HINDALCO,SBIN,0.3405846260744456
HINDALCO,SHRIRAMFIN,0.31711617416918225
HINDALCO,SUNPHARMA,0.2544265245716213
HINDALCO,TATACONSUM,0.18097602223738765
HINDALCO,TATAMOTORS,0.3649585499204322
HINDALCO,TATASTEEL,0.6300992825286463
HINDALCO,TCS,0.16104416442255612
HINDALCO,TECHM,0.23638727750781405
HINDALCO,TITAN,0.2494380153507044
HINDALCO,TRENT,0.2686296649861686
HINDALCO,ULTRACEMCO,0.31358994611663726
HINDALCO,WIPRO,0.26224405992406435
HINDUNILVR,ADANIENT,-0.0007956567569890336
HINDUNILVR,ADANIPORTS,0.002375597680073499
HINDUNILVR,APOLLOHOSP,0.10786527206672766
HINDUNILVR,ASIANPAINT,0.2698886400210458
HINDUNILVR,AXISBANK,0.009843145897469005
HINDUNILVR,BAJAJ-AUTO,0.12495520284345998
HINDUNILVR,BAJAJFINSV,0.13945401694298298
HINDUNILVR,BAJFINANCE,0.127433323506749
HINDUNILVR,BEL,-0.058290965768311
HINDUNILVR,BHARTIARTL,0.15853115551028493
HINDUNILVR,BPCL,-0.0014986188671549845
HINDUNILVR,BRITANNIA,0.46828334590775983
HINDUNILVR,CIPLA,0.042073479591646555
HINDUNILVR,COALINDIA,-0.038130345498176295
HINDUNILVR,DRREDDY,0.16335780615495074
HINDUNILVR,EICHERMOT,0.12002584992824754
HINDUNILVR,GRASIM,0.1676321274071574
HINDUNILVR,HCLTECH,0.12318501580534467
HINDUNILVR,HDFCBANK,0.07931328803043683
HINDUNILVR,HDFCLIFE,0.13667033054518485
HINDUNILVR,HEROMOTOCO,0.20605383957921522
HINDUNILVR,HINDALCO,0.07536048588065981
HINDUNILVR,HINDUNILVR,1.0
HINDUNILVR,ICICIBANK,0.0009917798979229159
HINDUNILVR,INDUSINDBK,0.08184210286524757
HINDUNILVR,INFY,0.1641718177900099
HINDUNILVR,ITC,0.3250500355874592
HINDUNILVR,JSWSTEEL,0.14145793643410068
HINDUNILVR,KOTAKBANK,0.16670607597106163
HINDUNILVR,LT,0.024986612812730916
HINDUNILVR,M&M,0.13020538841324442
HINDUNILVR,MARUTI,0.1480395213403051
HINDUNILVR,NESTLEIND,0.4640841331292226
HINDUNILVR,NTPC,-0.047525033234824626
HINDUNILVR,ONGC,-0.016746716338779735
HINDUNILVR,POWERGRID,-0.07779153263335312
HINDUNILVR,RELIANCE,0.09257287984487032
HINDUNILVR,SBILIFE,0.2611559288326374
HINDUNILVR,SBIN,-0.05993339256353352
HINDUNILVR,SHRIRAMFIN,0.03293622778075348
HINDUNILVR,SUNPHARMA,0.0513384892384068
HINDUNILVR,TATACONSUM,0.41207099376389406
HINDUNILVR,TATAMOTORS,0.08802417313583706
HINDUNILVR,TATASTEEL,0.08473425857585834
HINDUNILVR,TCS,0.14534472933707102
HINDUNILVR,TECHM,0.13131272639412817
HINDUNILVR,TITAN,0.18747665018653012
HINDUNILVR,TRENT,0.08396386149458931
HINDUNILVR,ULTRACEMCO,0.16512597603054094
HINDUNILVR,WIPRO,0.1854248258572572
ICICIBANK,ADANIENT,0.3945843733469138
ICICIBANK,ADANIPORTS,0.44228876077180634
ICICIBANK,APOLLOHOSP,0.16430302282408987
ICICIBANK,ASIANPAINT,0.15883876844346126
ICICIBANK,AXISBANK,0.6367860712450544
ICICIBANK,BAJAJ-AUTO,0.10852224778301449
ICICIBANK,BAJAJFINSV,0.41541877646453335
ICICIBANK,BAJFINANCE,0.35000757601999377
ICICIBANK,BEL,0.3137347901782477
ICICIBANK,BHARTIARTL,0.3666095767942784
ICICIBANK,BPCL,0.22719149472096598
ICICIBANK,BRITANNIA,0.046590157878153265
ICICIBANK,CIPLA,0.0817469886521778
ICICIBANK,COALINDIA,0.24860797350541586
ICICIBANK,DRREDDY,0.03474269773495801
ICICIBANK,EICHERMOT,0.35130827193487035
ICICIBANK,GRASIM,0.40526349815616486
ICICIBANK,HCLTECH,0.10751677968460914
ICICIBANK,HDFCBANK,0.43343202017590365
ICICIBANK,HDFCLIFE,0.19820372116116067
ICICIBANK,HEROMOTOCO,0.14165590451430626
ICICIBANK,HINDALCO,0.17665388503363183
ICICIBANK,HINDUNILVR,0.0009917798979229159
ICICIBANK,ICICIBANK,1.0
ICICIBANK,INDUSINDBK,0.3557739441415789
ICICIBANK,INFY,0.2004980211523376
ICICIBANK,ITC,0.31489340505515834
ICICIBANK,JSWSTEEL,0.3803695366759501
ICICIBANK,KOTAKBANK,0.44407608821853267
ICICIBANK,LT,0.41870586429284967
ICICIBANK,M&M,0.3152969179642255
ICICIBANK,MARUTI,0.23161133465273612
ICICIBANK,NESTLEIND,0.09301676649421296
ICICIBANK,NTPC,0.35849330026436665
ICICIBANK,ONGC,0.2778729952267743
ICICIBANK,POWERGRID,0.2980626093690692
ICICIBANK,RELIANCE,0.39652392915056695
ICICIBANK,SBILIFE,0.213374685737872
ICICIBANK,SBIN,0.5172191482353047
ICICIBANK,SHRIRAMFIN,0.449878029234802
ICICIBANK,SUNPHARMA,0.20272564248857125
ICICIBANK,TATACONSUM,0.12059223927769683
ICICIBANK,TATAMOTORS,0.19967367981777367
ICICIBANK,TATASTEEL,0.34527940440859317
ICICIBANK,TCS,0.16648861508644344
ICICIBANK,TECHM,0.16865500178890175
ICICIBANK,TITAN,0.14647431234434818
ICICIBANK,TRENT,0.12165853749450802
ICICIBANK,ULTRACEMCO,0.43020807625861485
ICICIBANK,WIPRO,0.22165481981934443
INDUSINDBK,ADANIENT,0.39134697585260536
INDUSINDBK,ADANIPORTS,0.4224310250507616
INDUSINDBK,APOLLOHOSP,0.12915176060937117
INDUSINDBK,ASIANPAINT,0.18085496714967206
INDUSINDBK,AXISBANK,0.33966104800646485
INDUSINDBK,BAJAJ-AUTO,0.20611752897820393
INDUSINDBK,BAJAJFINSV,0.42296026356210936
INDUSINDBK,BAJFINANCE,0.4062664984286061
INDUSINDBK,BEL,0.3086074944199182
INDUSINDBK,BHARTIARTL,0.23163899240921432
INDUSINDBK,BPCL,0.3569378290536558
INDUSINDBK,BRITANNIA,0.11789502838816954
INDUSINDBK,CIPLA,0.0464387278001757
INDUSINDBK,COALINDIA,0.34369420568839676
INDUSINDBK,DRREDDY,0.08662170158561452
INDUSINDBK,EICHERMOT,0.2678058073282277
INDUSINDBK,GRASIM,0.3423921319823583
INDUSINDBK,HCLTECH,0.1218945396366945
INDUSINDBK,HDFCBANK,0.3666265891925776
INDUSINDBK,HDFCLIFE,0.18167766776174518
INDUSINDBK,HEROMOTOCO,0.20333274974864
INDUSINDBK,HINDALCO,0.27913988767058223
INDUSINDBK,HINDUNILVR,0.08184210286524757
INDUSINDBK,ICICIBANK,0.3557739441415789
INDUSINDBK,INDUSINDBK,1.0
INDUSINDBK,INFY,0.11124536756261724
INDUSINDBK,ITC,0.1753102857685558
INDUSINDBK,JSWSTEEL,0.40273711775632975
INDUSINDBK,KOTAKBANK,0.32608437150783265
INDUSINDBK,LT,0.42210409573628177
INDUSINDBK,M&M,0.3522068548273418
INDUSINDBK,MARUTI,0.30479875348665186
INDUSINDBK,NESTLEIND,0.1742768218867108
INDUSINDBK,NTPC,0.44616080868879643
INDUSINDBK,ONGC,0.32314181980601064
INDUSINDBK,POWERGRID,0.33037329859263237
INDUSINDBK,RELIANCE,0.39557386850284915
INDUSINDBK,SBILIFE,0.2218815663358047
INDUSINDBK,SBIN,0.45217493231921724
INDUSINDBK,SHRIRAMFIN,0.4344296885150352
INDUSINDBK,SUNPHARMA,0.12291706675322549
INDUSINDBK,TATACONSUM,0.2735500110195814
INDUSINDBK,TATAMOTORS,0.3333592169520063
INDUSINDBK,TATASTEEL,0.39625810124700944
INDUSINDBK,TCS,0.08559047262765863
INDUSINDBK,TECHM,0.10315296762020999
INDUSINDBK,TITAN,0.24043349852813695
INDUSINDBK,TRENT,0.19912566574353294
INDUSINDBK,ULTRACEMCO,0.3450658328483518
INDUSINDBK,WIPRO,0.18657329941675105
INFY,ADANIENT,0.1151490132008911
INFY,ADANIPORTS,0.14939963769592102
INFY,APOLLOHOSP,0.12167130146685298
INFY,ASIANPAINT,0.10430989690679814
INFY,AXISBANK,0.08646718438208449
INFY,BAJAJ-AUTO,-0.0034872383004443987
INFY,BAJAJFINSV,0.24134770192708113
INFY,BAJFINANCE,0.1974462437124762
INFY,BEL,0.16470542530909557
INFY,BHARTIARTL,0.28884601431215595
INFY,BPCL,0.126542243588346
INFY,BRITANNIA,0.1066992748955334
INFY,CIPLA,0.06318707294981711
INFY,COALINDIA,0.11752071715232679
INFY,DRREDDY,0.24261214084038682
INFY,EICHERMOT,0.13271702931998292
INFY,GRASIM,0.1833473672409521
INFY,HCLTECH,0.6897400029568795
INFY,HDFCBANK,0.11001535425594604
INFY,HDFCLIFE,0.07306761553396389
INFY,HEROMOTOCO,0.10451824532258296
INFY,HINDALCO,0.17839155872566248
INFY,HINDUNILVR,0.1641718177900099
INFY,ICICIBANK,0.2004980211523376
INFY,INDUSINDBK,0.11124536756261724
INFY,INFY,1.0
INFY,ITC,0.207512339599268
INFY,JSWSTEEL,0.2174173609022972
INFY,KOTAKBANK,0.16981457192861393
INFY,LT,0.23420093544809126
INFY,M&M,0.2340012526255433
INFY,MARUTI,0.12259530017606801
INFY,NESTLEIND,0.0691623346170098
INFY,NTPC,0.11935021410171011
INFY,ONGC,0.22817555645683404
INFY,POWERGRID,0.09214176532811907
INFY,RELIANCE,0.1994787611796198
INFY,SBILIFE,0.16493568354040958
INFY,SBIN,0.17819069853329414
INFY,SHRIRAMFIN,0.17098545259842562
INFY,SUNPHARMA,0.14307331814243884
INFY,TATACONSUM,0.24519270130416088
INFY,TATAMOTORS,0.18171033182177962
INFY,TATASTEEL,0.18095392698644067
INFY,TCS,0.7078841751701882
INFY,TECHM,0.6491457614954589
INFY,TITAN,0.21507237824740918
INFY,TRENT,0.15099133419807098
INFY,ULTRACEMCO,0.2245645717144445
INFY,WIPRO,0.5712075926608157
ITC,ADANIENT,0.2458028586259034
ITC,ADANIPORTS,0.2737742060398364
ITC,APOLLOHOSP,0.1740457448901118
ITC,ASIANPAINT,0.27555039963027667
ITC,AXISBANK,0.27500064934151214
ITC,BAJAJ-AUTO,0.14041332240898494
ITC,BAJAJFINSV,0.30363592271009415
ITC,BAJFINANCE,0.30440358287275265
ITC,BEL,0.2301950077706419
ITC,BHARTIARTL,0.26051545813380483
ITC,BPCL,0.18157116220853695
ITC,BRITANNIA,0.37640022948131746
ITC,CIPLA,0.12774478934914657
ITC,COALINDIA,0.24418980238539476
ITC,DRREDDY,0.18601220764515985
ITC,EICHERMOT,0.2627810469831922
ITC,GRASIM,0.27867419546188293
ITC,HCLTECH,0.17785421430167275
ITC,HDFCBANK,0.16706536775383027
ITC,HDFCLIFE,0.1973892242985602
ITC,HEROMOTOCO,0.10867524695525956
ITC,HINDALCO,0.1455052804050285
ITC,HINDUNILVR,0.3250500355874592
ITC,ICICIBANK,0.31489340505515834
ITC,INDUSINDBK,0.1753102857685558
ITC,INFY,0.207512339599268
ITC,ITC,1.0
ITC,JSWSTEEL,0.31000918359794755
ITC,KOTAKBANK,0.24061399149100124
ITC,LT,0.24946513182268018
ITC,M&M,0.19624580014833648
ITC,MARUTI,0.2505896113156947
ITC,NESTLEIND,0.3314813186910511
ITC,NTPC,0.23570812809868524
ITC,ONGC,0.19605964653313124
ITC,POWERGRID,0.13533284266545378
ITC,RELIANCE,0.29556682154929953
ITC,SBILIFE,0.2075114257725708
ITC,SBIN,0.26303203409224074
ITC,SHRIRAMFIN,0.23580555616823112
ITC,SUNPHARMA,0.18699493800648656
ITC,TATACONSUM,0.30265454490857974
ITC,TATAMOTORS,0.18856371956042822
ITC,TATASTEEL,0.2572687710740445
ITC,TCS,0.15227394667725197
ITC,TECHM,0.21781560466216898
ITC,TITAN,0.3182611629556045
ITC,TRENT,0.15149140688379087
ITC,ULTRACEMCO,0.2601443621252303
ITC,WIPRO,0.23313948599308476
JSWSTEEL,ADANIENT,0.40566412739227775
JSWSTEEL,ADANIPORTS,0.4346056333880308
JSWSTEEL,APOLLOHOSP,0.27605978619516347
JSWSTEEL,ASIANPAINT,0.33356619668119664
JSWSTEEL,AXISBANK,0.3659663237514709
JSWSTEEL,BAJAJ-AUTO,0.22346056490339763
JSWSTEEL,BAJAJFINSV,0.44752583139088487
JSWSTEEL,BAJFINANCE,0.39093433598758565
JSWSTEEL,BEL,0.4587833717218399
JSWSTEEL,BHARTIARTL,0.36482968466234794
JSWSTEEL,BPCL,0.3664248738585794
JSWSTEEL,BRITANNIA,0.19542312489178917
JSWSTEEL,CIPLA,0.1615995702728533
JSWSTEEL,COALINDIA,0.44003819846992115
JSWSTEEL,DRREDDY,0.2442782206628036
JSWSTEEL,EICHERMOT,0.32916958551550163
JSWSTEEL,GRASIM,0.5078760998364702
JSWSTEEL,HCLTECH,0.25520682044884657
JSWSTEEL,HDFCBANK,0.3692665318229937
JSWSTEEL,HDFCLIFE,0.25802162776936577
JSWSTEEL,HEROMOTOCO,0.21255386878694132
JSWSTEEL,HINDALCO,0.6093559590991925
JSWSTEEL,HINDUNILVR,0.14145793643410068
JSWSTEEL,ICICIBANK,0.3803695366759501
JSWSTEEL,INDUSINDBK,0.40273711775632975
JSWSTEEL,INFY,0.2174173609022972
JSWSTEEL,ITC,0.31000918359794755
JSWSTEEL,JSWSTEEL,1.0
JSWSTEEL,KOTAKBANK,0.3053684514499001
JSWSTEEL,LT,0.4924811526077731
JSWSTEEL,M&M,0.41812629396241213
JSWSTEEL,MARUTI,0.37034510671084286
JSWSTEEL,NESTLEIND,0.15784079896780948
JSWSTEEL,NTPC,0.5103602083325689
JSWSTEEL,ONGC,0.44119217332439054
JSWSTEEL,POWERGRID,0.4560522823688258
JSWSTEEL,RELIANCE,0.4223713671939522
JSWSTEEL,SBILIFE,0.2308910138851656
JSWSTEEL,SBIN,0.45087944205593705
JSWSTEEL,SHRIRAMFIN,0.4159659226506089
JSWSTEEL,SUNPHARMA,0.25222186112334
JSWSTEEL,TATACONSUM,0.23553247098047903
JSWSTEEL,TATAMOTORS,0.408712434300929
JSWSTEEL,TATASTEEL,0.794189129847186
JSWSTEEL,TCS,0.20929134202410482
JSWSTEEL,TECHM,0.2689890432924979
JSWSTEEL,TITAN,0.3221275143662096
JSWSTEEL,TRENT,0.2569765048742589
JSWSTEEL,ULTRACEMCO,0.5466431320829088
JSWSTEEL,WIPRO,0.3603737925268316
KOTAKBANK,ADANIENT,0.24375207896029524
KOTAKBANK,ADANIPORTS,0.3058384052939919
KOTAKBANK,APOLLOHOSP,0.13979523467214766
KOTAKBANK,ASIANPAINT,0.18120213777506164
KOTAKBANK,AXISBANK,0.2920391919103795
KOTAKBANK,BAJAJ-AUTO,0.08262777274474209
KOTAKBANK,BAJAJFINSV,0.2731039751871352
KOTAKBANK,BAJFINANCE,0.315904194544074
KOTAKBANK,BEL,0.266513702493666
KOTAKBANK,BHARTIARTL,0.3189908649455067
KOTAKBANK,BPCL,0.15575241690323138
KOTAKBANK,BRITANNIA,0.22539551167605787
KOTAKBANK,CIPLA,0.03624494443248808
KOTAKBANK,COALINDIA,0.228943802491796
KOTAKBANK,DRREDDY,-0.04990045805380203
KOTAKBANK,EICHERMOT,0.24032125182374203
KOTAKBANK,GRASIM,0.24638142816571143
KOTAKBANK,HCLTECH,0.12301184832805688
KOTAKBANK,HDFCBANK,0.4233068060804703
KOTAKBANK,HDFCLIFE,0.2095446287440746
KOTAKBANK,HEROMOTOCO,0.14548783093948178
KOTAKBANK,HINDALCO,0.2027425469796398
KOTAKBANK,HINDUNILVR,0.16670607597106163
KOTAKBANK,ICICIBANK,0.44407608821853267
KOTAKBANK,INDUSINDBK,0.32608437150783265
KOTAKBANK,INFY,0.16981457192861393
KOTAKBANK,ITC,0.24061399149100124
KOTAKBANK,JSWSTEEL,0.3053684514499001
KOTAKBANK,KOTAKBANK,1.0
KOTAKBANK,LT,0.2779961074617669
KOTAKBANK,M&M,0.23768404613297678
KOTAKBANK,MARUTI,0.21887945370794912
KOTAKBANK,NESTLEIND,0.12365879229696188
KOTAKBANK,NTPC,0.236328091247412
KOTAKBANK,ONGC,0.23556528414119252
KOTAKBANK,POWERGRID,0.1922213090762746
KOTAKBANK,RELIANCE,0.3510816271875215
KOTAKBANK,SBILIFE,0.2912511199138028
KOTAKBANK,SBIN,0.2813006351339595
KOTAKBANK,SHRIRAMFIN,0.28601476123295333
KOTAKBANK,SUNPHARMA,0.08910037108174428
KOTAKBANK,TATACONSUM,0.1974292017721705
KOTAKBANK,TATAMOTORS,0.1602055379086266
KOTAKBANK,TATASTEEL,0.26272624221443097
KOTAKBANK,TCS,0.11556480163922807
KOTAKBANK,TECHM,0.17473849328787103
KOTAKBANK,TITAN,0.16805281132577893
KOTAKBANK,TRENT,0.08100530728761046
KOTAKBANK,ULTRACEMCO,0.33477011685126007
KOTAKBANK,WIPRO,0.24581233545254239
LT,ADANIENT,0.4831361669543136
LT,ADANIPORTS,0.5139742464591516
LT,APOLLOHOSP,0.23588316565172254
LT,ASIANPAINT,0.22310100721080928
LT,AXISBANK,0.3520807556299017
LT,BAJAJ-AUTO,0.17576285397902433
LT,BAJAJFINSV,0.3989924119426429
LT,BAJFINANCE,0.3789189931383417
LT,BEL,0.5914014227519674
LT,BHARTIARTL,0.3239434796463674
LT,BPCL,0.468828215221777
LT,BRITANNIA,0.09259906996851873
LT,CIPLA,0.15863644831926704
LT,COALINDIA,0.48889036505851113
LT,DRREDDY,0.12510593527507402
LT,EICHERMOT,0.337278635134227
LT,GRASIM,0.3538997325846838
LT,HCLTECH,0.2249601406981299
LT,HDFCBANK,0.34548165398634045
LT,HDFCLIFE,0.2580606050734376
LT,HEROMOTOCO,0.2006956852138018
LT,HINDALCO,0.3307995655738285
LT,HINDUNILVR,0.024986612812730916
LT,ICICIBANK,0.41870586429284967
LT,INDUSINDBK,0.42210409573628177
LT,INFY,0.23420093544809126
LT,ITC,0.24946513182268018
LT,JSWSTEEL,0.4924811526077731
LT,KOTAKBANK,0.2779961074617669
LT,LT,1.0
LT,M&M,0.35894758926939335
LT,MARUTI,0.3343959562923508
LT,NESTLEIND,0.09247297140768028
LT,NTPC,0.5356090795179863
LT,ONGC,0.5422836705106291
LT,POWERGRID,0.44874361040851607
LT,RELIANCE,0.5348278230811859
LT,SBILIFE,0.3306576157139629
LT,SBIN,0.5009023178783732
LT,SHRIRAMFIN,0.45734329443800414
LT,SUNPHARMA,0.16720903125513142
LT,TATACONSUM,0.16808655581460066
LT,TATAMOTORS,0.35299336013210264
LT,TATASTEEL,0.4838476505647863
LT,TCS,0.21706201650894347
LT,TECHM,0.21031533547687914
LT,TITAN,0.23189960306605092
LT,TRENT,0.185278686244984
LT,ULTRACEMCO,0.4731743891296249
LT,WIPRO,0.319899103403512
M&M,ADANIENT,0.3045447926385933
M&M,ADANIPORTS,0.31938111017856874
M&M,APOLLOHOSP,0.25102858599079875
M&M,ASIANPAINT,0.1401207308761811
M&M,AXISBANK,0.2355560287307913
M&M,BAJAJ-AUTO,0.27162767362712065
M&M,BAJAJFINSV,0.3376841895934924
M&M,BAJFINANCE,0.2679731846701756
M&M,BEL,0.36949762406352044
M&M,BHARTIARTL,0.2919226925527728
M&M,BPCL,0.2805196828258847
M&M,BRITANNIA,0.1265865854047145
M&M,CIPLA,0.1742578981846201
M&M,COALINDIA,0.29031299656008924
M&M,DRREDDY,0.2275933128487781
M&M,EICHERMOT,0.35548807669007876
M&M,GRASIM,0.30815278489612147
M&M,HCLTECH,0.19807426641505876
M&M,HDFCBANK,0.3310747964614292
M&M,HDFCLIFE,0.21134161568045154
M&M,HEROMOTOCO,0.36084224875490367
M&M,HINDALCO,0.297201074689898
M&M,HINDUNILVR,0.13020538841324442
M&M,ICICIBANK,0.3152969179642255
M&M,INDUSINDBK,0.3522068548273418
M&M,INFY,0.2340012526255433
M&M,ITC,0.19624580014833648
M&M,JSWSTEEL,0.41812629396241213
M&M,KOTAKBANK,0.23768404613297678
M&M,LT,0.35894758926939335
M&M,M&M,1.0
M&M,MARUTI,0.399134045092691
M&M,NESTLEIND,0.20190076130552806
M&M,NTPC,0.33013664183397523
M&M,ONGC,0.2865787032236021
M&M,POWERGRID,0.29603992581860233
M&M,RELIANCE,0.30063948354303516
M&M,SBILIFE,0.19972418263241198
M&M,SBIN,0.32088024467459497
M&M,SHRIRAMFIN,0.3649251843688808
M&M,SUNPHARMA,0.2855699993112982
M&M,TATACONSUM,0.16959784224754232
M&M,TATAMOTORS,0.40098660009044623
M&M,TATASTEEL,0.4274322457737186
M&M,TCS,0.17429479044113338
M&M,TECHM,0.21941870199703012
M&M,TITAN,0.28527953275390555
M&M,TRENT,0.2490129874357562
M&M,ULTRACEMCO,0.41864382328347893
M&M,WIPRO,0.29997073083823717
MARUTI,ADANIENT,0.31565893828886393
MARUTI,ADANIPORTS,0.30234181062017373
MARUTI,APOLLOHOSP,0.19406246723276557
MARUTI,ASIANPAINT,0.26036616156082815
MARUTI,AXISBANK,0.2603712445873796
MARUTI,BAJAJ-AUTO,0.3420054021668423
MARUTI,BAJAJFINSV,0.32927555061094294
MARUTI,BAJFINANCE,0.28124404371038425
MARUTI,BEL,0.2246422837268991
MARUTI,BHARTIARTL,0.3480794838446675
MARUTI,BPCL,0.2887807448452299
MARUTI,BRITANNIA,0.17399945073060336
MARUTI,CIPLA,0.07938785391116626
MARUTI,COALINDIA,0.2801732159551891
MARUTI,DRREDDY,0.13839076283315427
MARUTI,EICHERMOT,0.38859140248651347
MARUTI,GRASIM,0.2957718713534474
MARUTI,HCLTECH,0.21402796829518914
MARUTI,HDFCBANK,0.2381482584916488
MARUTI,HDFCLIFE,0.2499312399281996
MARUTI,HEROMOTOCO,0.2941136092719679
MARUTI,HINDALCO,0.28618571281135224
MARUTI,HINDUNILVR,0.1480395213403051
MARUTI,ICICIBANK,0.23161133465273612
MARUTI,INDUSINDBK,0.30479875348665186
MARUTI,INFY,0.12259530017606801
MARUTI,ITC,0.2505896113156947
MARUTI,JSWSTEEL,0.37034510671084286
MARUTI,KOTAKBANK,0.21887945370794912
MARUTI,LT,0.3343959562923508
MARUTI,M&M,0.399134045092691
MARUTI,MARUTI,1.0
MARUTI,NESTLEIND,0.23879293886390163
MARUTI,NTPC,0.297150703207263
MARUTI,ONGC,0.2877565090442611
MARUTI,POWERGRID,0.2875814298534051
MARUTI,RELIANCE,0.35115385640279256
MARUTI,SBILIFE,0.2953605199766994
MARUTI,SBIN,0.28760508014018227
MARUTI,SHRIRAMFIN,0.2911480533425951
MARUTI,SUNPHARMA,0.20087182178561735
MARUTI,TATACONSUM,0.2078164597896241
MARUTI,TATAMOTORS,0.40583117136657515
MARUTI,TATASTEEL,0.3958276026537897
MARUTI,TCS,0.16489164128978473
MARUTI,TECHM,0.1479734451348317
MARUTI,TITAN,0.33227914355540783
MARUTI,TRENT,0.18332063774660176
MARUTI,ULTRACEMCO,0.34917394166857707
MARUTI,WIPRO,0.20520578325333694
NESTLEIND,ADANIENT,0.11501655149208942
NESTLEIND,ADANIPORTS,0.08784346363558944
NESTLEIND,APOLLOHOSP,0.2244460291731679
NESTLEIND,ASIANPAINT,0.2826313147898836
NESTLEIND,AXISBANK,0.10034446073619788
NESTLEIND,BAJAJ-AUTO,0.17900471577742583
NESTLEIND,BAJAJFINSV,0.2737449871748948
NESTLEIND,BAJFINANCE,0.24697473503701836
NESTLEIND,BEL,0.06531680419809151
NESTLEIND,BHARTIARTL,0.1060858205561435
NESTLEIND,BPCL,0.05928383502058228
NESTLEIND,BRITANNIA,0.4637505359571739
NESTLEIND,CIPLA,0.11612688233186644
NESTLEIND,COALINDIA,0.08371886814074586
NESTLEIND,DRREDDY,0.2180152514947763
NESTLEIND,EICHERMOT,0.1334036789974509
NESTLEIND,GRASIM,0.2631353302597681
NESTLEIND,HCLTECH,0.10226297528445835
NESTLEIND,HDFCBANK,0.08009735208051748
NESTLEIND,HDFCLIFE,0.12410162696023953
NESTLEIND,HEROMOTOCO,0.24473976363788688
NESTLEIND,HINDALCO,0.10953143991504191
NESTLEIND,HINDUNILVR,0.4640841331292226
NESTLEIND,ICICIBANK,0.09301676649421296
NESTLEIND,INDUSINDBK,0.1742768218867108
NESTLEIND,INFY,0.0691623346170098
NESTLEIND,ITC,0.3314813186910511
NESTLEIND,JSWSTEEL,0.15784079896780948
NESTLEIND,KOTAKBANK,0.12365879229696188
NESTLEIND,LT,0.09247297140768028
NESTLEIND,M&M,0.20190076130552806
NESTLEIND,MARUTI,0.23879293886390163
NESTLEIND,NESTLEIND,1.0
NESTLEIND,NTPC,0.0713388027455219
NESTLEIND,ONGC,0.03285505971705067
NESTLEIND,POWERGRID,0.08346599598459921
NESTLEIND,RELIANCE,0.18308664338450592
NESTLEIND,SBILIFE,0.18169084919223213
NESTLEIND,SBIN,0.029361491235742138
NESTLEIND,SHRIRAMFIN,0.13192283446093242
NESTLEIND,SUNPHARMA,0.14118277749000832
NESTLEIND,TATACONSUM,0.37573100214763366
NESTLEIND,TATAMOTORS,0.14704046402743634
NESTLEIND,TATASTEEL,0.10330774925412624
NESTLEIND,TCS,0.11449534644611244
NESTLEIND,TECHM,0.05490479493450637
NESTLEIND,TITAN,0.2368745871498147
NESTLEIND,TRENT,0.13667421983085679
NESTLEIND,ULTRACEMCO,0.27818421339220467
NESTLEIND,WIPRO,0.14970768737192983
NTPC,ADANIENT,0.5459596333932084
NTPC,ADANIPORTS,0.6104642922480006
NTPC,APOLLOHOSP,0.19412871147539487
NTPC,ASIANPAINT,0.2220637061399649
NTPC,AXISBANK,0.3948134609675543
NTPC,BAJAJ-AUTO,0.20255979200490437
NTPC,BAJAJFINSV,0.39122550744968687
NTPC,BAJFINANCE,0.32826019804141093
NTPC,BEL,0.607886402882183
NTPC,BHARTIARTL,0.36618679536727483
NTPC,BPCL,0.5907585310320111
NTPC,BRITANNIA,0.0790820109299389
NTPC,CIPLA,0.09237528236547853
NTPC,COALINDIA,0.6177820746150615
NTPC,DRREDDY,0.20916327584857525
NTPC,EICHERMOT,0.2709340347110787
NTPC,GRASIM,0.39938931479831835
NTPC,HCLTECH,0.1626841293745512
NTPC,HDFCBANK,0.33896418120123023
NTPC,HDFCLIFE,0.2066614719001846
NTPC,HEROMOTOCO,0.14858363979285621
NTPC,HINDALCO,0.35844289439636123
NTPC,HINDUNILVR,-0.047525033234824626
NTPC,ICICIBANK,0.35849330026436665
NTPC,INDUSINDBK,0.44616080868879643
NTPC,INFY,0.11935021410171011
NTPC,ITC,0.23570812809868524
NTPC,JSWSTEEL,0.5103602083325689
NTPC,KOTAKBANK,0.236328091247412
NTPC,LT,0.5356090795179863
NTPC,M&M,0.33013664183397523
NTPC,MARUTI,0.297150703207263
NTPC,NESTLEIND,0.0713388027455219
NTPC,NTPC,1.0
NTPC,ONGC,0.628245549256037
NTPC,POWERGRID,0.7118226882760893
NTPC,RELIANCE,0.5489997474442436
NTPC,SBILIFE,0.23003083345273487
NTPC,SBIN,0.589903334109228
NTPC,SHRIRAMFIN,0.47262797979478827
NTPC,SUNPHARMA,0.23024570589215337
NTPC,TATACONSUM,0.1870782047311668
NTPC,TATAMOTORS,0.4099240463402336
NTPC,TATASTEEL,0.5339426794226825
NTPC,TCS,0.10994498033144819
NTPC,TECHM,0.18986965327895483
NTPC,TITAN,0.3340507702365929
NTPC,TRENT,0.23573593930493564
NTPC,ULTRACEMCO,0.4485236398684601
NTPC,WIPRO,0.20293502242044653
ONGC,ADANIENT,0.4849098585045118
ONGC,ADANIPORTS,0.5218032460309534
ONGC,APOLLOHOSP,0.1736580399945663
ONGC,ASIANPAINT,0.12865361589102497
ONGC,AXISBANK,0.31344947827043435
ONGC,BAJAJ-AUTO,0.1878708958366479
ONGC,BAJAJFINSV,0.3057365564941464
ONGC,BAJFINANCE,0.31629740550245333
ONGC,BEL,0.5723767986317229
ONGC,BHARTIARTL,0.34641140970960943
ONGC,BPCL,0.5952959294022607
ONGC,BRITANNIA,0.03895356551339911
ONGC,CIPLA,0.033604062288241185
ONGC,COALINDIA,0.6478178232214918
ONGC,DRREDDY,0.1809175310577822
ONGC,EICHERMOT,0.24019208840280312
ONGC,GRASIM,0.32578330937037464
ONGC,HCLTECH,0.21937251525111653
ONGC,HDFCBANK,0.2806102267917217
ONGC,HDFCLIFE,0.20544491663495512
ONGC,HEROMOTOCO,0.19713463957410307
ONGC,HINDALCO,0.4098223699758876
ONGC,HINDUNILVR,-0.016746716338779735
ONGC,ICICIBANK,0.2778729952267743
ONGC,INDUSINDBK,0.32314181980601064
ONGC,INFY,0.22817555645683404
ONGC,ITC,0.19605964653313124
ONGC,JSWSTEEL,0.44119217332439054
ONGC,KOTAKBANK,0.23556528414119252
ONGC,LT,0.5422836705106291
ONGC,M&M,0.2865787032236021
ONGC,MARUTI,0.2877565090442611
ONGC,NESTLEIND,0.03285505971705067
ONGC,NTPC,0.628245549256037
ONGC,ONGC,1.0
ONGC,POWERGRID,0.504077043921555
ONGC,RELIANCE,0.5537169290499089
ONGC,SBILIFE,0.26227552945595295
ONGC,SBIN,0.5730814643672804
ONGC,SHRIRAMFIN,0.44665267350319976
ONGC,SUNPHARMA,0.2281452625967267
ONGC,TATACONSUM,0.1772289972666862
ONGC,TATAMOTORS,0.43692677467912683
ONGC,TATASTEEL,0.49186004814903794
ONGC,TCS,0.16816160963104881
ONGC,TECHM,0.23351537179236928
ONGC,TITAN,0.1926946862486077
ONGC,TRENT,0.21158537627926283
ONGC,ULTRACEMCO,0.4045192212328132
ONGC,WIPRO,0.28896703743415564
POWERGRID,ADANIENT,0.4039462756861802
POWERGRID,ADANIPORTS,0.5116959571605549
POWERGRID,APOLLOHOSP,0.17843781593489988
POWERGRID,ASIANPAINT,0.11166498193260861
POWERGRID,AXISBANK,0.294692628398174
POWERGRID,BAJAJ-AUTO,0.16836442536932567
POWERGRID,BAJAJFINSV,0.3070340339723172
POWERGRID,BAJFINANCE,0.24510084205888233
POWERGRID,BEL,0.5447558899699269
POWERGRID,BHARTIARTL,0.3112279801484063
POWERGRID,BPCL,0.5313827749885819
POWERGRID,BRITANNIA,-0.026592130238989525
POWERGRID,CIPLA,0.12963594375339096
POWERGRID,COALINDIA,0.5340375597261456
POWERGRID,DRREDDY,0.1905509253780308
POWERGRID,EICHERMOT,0.21484635830841908
POWERGRID,GRASIM,0.35890715730895756
POWERGRID,HCLTECH,0.11698936833125385
POWERGRID,HDFCBANK,0.3140149287401469
POWERGRID,HDFCLIFE,0.11652007462086209
POWERGRID,HEROMOTOCO,0.1376210862200542
POWERGRID,HINDALCO,0.3760865975688866
POWERGRID,HINDUNILVR,-0.07779153263335312
POWERGRID,ICICIBANK,0.2980626093690692
POWERGRID,INDUSINDBK,0.33037329859263237
POWERGRID,INFY,0.09214176532811907
POWERGRID,ITC,0.13533284266545378
POWERGRID,JSWSTEEL,0.4560522823688258
POWERGRID,KOTAKBANK,0.1922213090762746
POWERGRID,LT,0.44874361040851607
POWERGRID,M&M,0.29603992581860233
POWERGRID,MARUTI,0.2875814298534051
POWERGRID,NESTLEIND,0.08346599598459921
POWERGRID,NTPC,0.7118226882760893
POWERGRID,ONGC,0.504077043921555
POWERGRID,POWERGRID,1.0
POWERGRID,RELIANCE,0.4753269542997877
POWERGRID,SBILIFE,0.15395642903503323
POWERGRID,SBIN,0.4942307430230869
POWERGRID,SHRIRAMFIN,0.35706962154104593
POWERGRID,SUNPHARMA,0.24612161381594921
POWERGRID,TATACONSUM,0.15089307416133815
POWERGRID,TATAMOTORS,0.3550573466043295
POWERGRID,TATASTEEL,0.5024279985041904
POWERGRID,TCS,0.09729507732456262
POWERGRID,TECHM,0.15160859991455566
POWERGRID,TITAN,0.20860943339129473
POWERGRID,TRENT,0.20054240492119357
POWERGRID,ULTRACEMCO,0.3966844523358626
POWERGRID,WIPRO,0.1666307694546469
RELIANCE,ADANIENT,0.48709678829663877
RELIANCE,ADANIPORTS,0.5127359236075946
RELIANCE,APOLLOHOSP,0.2347277056851401
RELIANCE,ASIANPAINT,0.29496314792607853
RELIANCE,AXISBANK,0.42345648695274773
RELIANCE,BAJAJ-AUTO,0.2469613290708274
RELIANCE,BAJAJFINSV,0.4072007302530863
RELIANCE,BAJFINANCE,0.41334172764902644
RELIANCE,BEL,0.49250685924445414
RELIANCE,BHARTIARTL,0.3659946828398583
RELIANCE,BPCL,0.481098717806072
RELIANCE,BRITANNIA,0.13750535117666066
RELIANCE,CIPLA,0.058345290979761565
RELIANCE,COALINDIA,0.5069564751785052
RELIANCE,DRREDDY,0.16029196337667473
RELIANCE,EICHERMOT,0.33606691379693726
RELIANCE,GRASIM,0.40282035284794543
RELIANCE,HCLTECH,0.27662855466305286
RELIANCE,HDFCBANK,0.313813256464031
RELIANCE,HDFCLIFE,0.22170223727596008
RELIANCE,HEROMOTOCO,0.24434205373342557
RELIANCE,HINDALCO,0.33165305401797074
RELIANCE,HINDUNILVR,0.09257287984487032
RELIANCE,ICICIBANK,0.39652392915056695
RELIANCE,INDUSINDBK,0.39557386850284915
RELIANCE,INFY,0.1994787611796198
RELIANCE,ITC,0.29556682154929953
RELIANCE,JSWSTEEL,0.4223713671939522
RELIANCE,KOTAKBANK,0.3510816271875215
RELIANCE,LT,0.5348278230811859
RELIANCE,M&M,0.30063948354303516
RELIANCE,MARUTI,0.35115385640279256
RELIANCE,NESTLEIND,0.18308664338450592
RELIANCE,NTPC,0.5489997474442436
RELIANCE,ONGC,0.5537169290499089
RELIANCE,POWERGRID,0.4753269542997877
RELIANCE,RELIANCE,1.0
RELIANCE,SBILIFE,0.27981670216033433
RELIANCE,SBIN,0.5463070873474805
RELIANCE,SHRIRAMFIN,0.44890422078972386
RELIANCE,SUNPHARMA,0.29311619790028354
RELIANCE,TATACONSUM,0.20776257497316514
RELIANCE,TATAMOTORS,0.38658256833913
RELIANCE,TATASTEEL,0.4411044994065386
RELIANCE,TCS,0.24797084602646927
RELIANCE,TECHM,0.26606297561703235
RELIANCE,TITAN,0.3293231235132684
RELIANCE,TRENT,0.28277871345729444
RELIANCE,ULTRACEMCO,0.4903816604229934
RELIANCE,WIPRO,0.3643132113932491
SBILIFE,ADANIENT,0.2891926637601976
SBILIFE,ADANIPORTS,0.28461312511245185
SBILIFE,APOLLOHOSP,0.16070603440418743
SBILIFE,ASIANPAINT,0.22035222755305742
SBILIFE,AXISBANK,0.18305336272358966
SBILIFE,BAJAJ-AUTO,0.19021110505454747
SBILIFE,BAJAJFINSV,0.4057174140421663
SBILIFE,BAJFINANCE,0.335100937267961
SBILIFE,BEL,0.20993910373733968
SBILIFE,BHARTIARTL,0.2417230638954148
SBILIFE,BPCL,0.2401668415969443
SBILIFE,BRITANNIA,0.08849708581332989
SBILIFE,CIPLA,0.1297996887802289
SBILIFE,COALINDIA,0.2537808499692649
SBILIFE,DRREDDY,0.20465401053265278
SBILIFE,EICHERMOT,0.31184742138228616
SBILIFE,GRASIM,0.250492552487582
SBILIFE,HCLTECH,0.20805574892105155
SBILIFE,HDFCBANK,0.21236157271541603
SBILIFE,HDFCLIFE,0.5965490718202711
SBILIFE,HEROMOTOCO,0.20195252049567514
SBILIFE,HINDALCO,0.17899471552580182
SBILIFE,HINDUNILVR,0.2611559288326374
SBILIFE,ICICIBANK,0.213374685737872
SBILIFE,INDUSINDBK,0.2218815663358047
SBILIFE,INFY,0.16493568354040958
SBILIFE,ITC,0.2075114257725708
SBILIFE,JSWSTEEL,0.2308910138851656
SBILIFE,KOTAKBANK,0.2912511199138028
SBILIFE,LT,0.3306576157139629
SBILIFE,M&M,0.19972418263241198
SBILIFE,MARUTI,0.2953605199766994
SBILIFE,NESTLEIND,0.18169084919223213
SBILIFE,NTPC,0.23003083345273487
SBILIFE,ONGC,0.26227552945595295
SBILIFE,POWERGRID,0.15395642903503323
SBILIFE,RELIANCE,0.27981670216033433
SBILIFE,SBILIFE,1.0
SBILIFE,SBIN,0.27274246776837857
SBILIFE,SHRIRAMFIN,0.3352244084633431
SBILIFE,SUNPHARMA,0.1311424612061772
SBILIFE,TATACONSUM,0.21061323010811117
SBILIFE,TATAMOTORS,0.224282907981251
SBILIFE,TATASTEEL,0.2321131418279305
SBILIFE,TCS,0.17501447006391901
SBILIFE,TECHM,0.1545849426495435
SBILIFE,TITAN,0.21954283399837662
SBILIFE,TRENT,0.17080038021293914
SBILIFE,ULTRACEMCO,0.26679702593472526
SBILIFE,WIPRO,0.24633833029878258
SBIN,ADANIENT,0.5446973988449255
SBIN,ADANIPORTS,0.579515887444585
SBIN,APOLLOHOSP,0.1828501325830731
SBIN,ASIANPAINT,0.10786553634810252
SBIN,AXISBANK,0.5161224530316103
SBIN,BAJAJ-AUTO,0.15485382685813512
SBIN,BAJAJFINSV,0.41985865031145836
SBIN,BAJFINANCE,0.39769633642397356
SBIN,BEL,0.5802134538500828
SBIN,BHARTIARTL,0.290364140540602
SBIN,BPCL,0.5254628785296441
SBIN,BRITANNIA,-0.0013209616659921924
SBIN,CIPLA,0.02799974110682328
SBIN,COALINDIA,0.516040029566645
SBIN,DRREDDY,0.13819604429995
SBIN,EICHERMOT,0.31463548867263075
SBIN,GRASIM,0.43058102176180124
SBIN,HCLTECH,0.21270998339292208
SBIN,HDFCBANK,0.35761420795769344
SBIN,HDFCLIFE,0.21970748415859812
SBIN,HEROMOTOCO,0.13669325328463705
SBIN,HINDALCO,0.3405846260744456
SBIN,HINDUNILVR,-0.05993339256353352
SBIN,ICICIBANK,0.5172191482353047
SBIN,INDUSINDBK,0.45217493231921724
SBIN,INFY,0.17819069853329414
SBIN,ITC,0.26303203409224074
SBIN,JSWSTEEL,0.45087944205593705
SBIN,KOTAKBANK,0.2813006351339595
SBIN,LT,0.5009023178783732
SBIN,M&M,0.32088024467459497
SBIN,MARUTI,0.28760508014018227
SBIN,NESTLEIND,0.029361491235742138
SBIN,NTPC,0.589903334109228
SBIN,ONGC,0.5730814643672804
SBIN,POWERGRID,0.4942307430230869
SBIN,RELIANCE,0.5463070873474805
SBIN,SBILIFE,0.27274246776837857
SBIN,SBIN,1.0
SBIN,SHRIRAMFIN,0.5102010417275784
SBIN,SUNPHARMA,0.12285651335571848
SBIN,TATACONSUM,0.11756662379805337
SBIN,TATAMOTORS,0.3633210387305023
SBIN,TATASTEEL,0.4896241298629037
SBIN,TCS,0.16286208875013286
SBIN,TECHM,0.19375534141601125
SBIN,TITAN,0.223221053444632
SBIN,TRENT,0.2764913797082071
SBIN,ULTRACEMCO,0.42549397080611384
SBIN,WIPRO,0.24353074067147876
SHRIRAMFIN,ADANIENT,0.4102982543331034
SHRIRAMFIN,ADANIPORTS,0.46989037529577304
SHRIRAMFIN,APOLLOHOSP,0.2917677029475651
SHRIRAMFIN,ASIANPAINT,0.2025399141372579
SHRIRAMFIN,AXISBANK,0.44856441977753825
SHRIRAMFIN,BAJAJ-AUTO,0.3011416075976083
SHRIRAMFIN,BAJAJFINSV,0.46879071013864454
SHRIRAMFIN,BAJFINANCE,0.4616176412939546
SHRIRAMFIN,BEL,0.47548008008820714
SHRIRAMFIN,BHARTIARTL,0.3607986754842975
SHRIRAMFIN,BPCL,0.3863220247948607
SHRIRAMFIN,BRITANNIA,0.11630855727764502
SHRIRAMFIN,CIPLA,0.09791128190381693
SHRIRAMFIN,COALINDIA,0.42629126368416675
SHRIRAMFIN,DRREDDY,0.1412270575118756
SHRIRAMFIN,EICHERMOT,0.3656603267327274
SHRIRAMFIN,GRASIM,0.358049122576349
SHRIRAMFIN,HCLTECH,0.23307661944221786
SHRIRAMFIN,HDFCBANK,0.33317606651423975
SHRIRAMFIN,HDFCLIFE,0.3049213698677052
SHRIRAMFIN,HEROMOTOCO,0.25748245243009177
SHRIRAMFIN,HINDALCO,0.31711617416918225
SHRIRAMFIN,HINDUNILVR,0.03293622778075348
SHRIRAMFIN,ICICIBANK,0.449878029234802
SHRIRAMFIN,INDUSINDBK,0.4344296885150352
SHRIRAMFIN,INFY,0.17098545259842562
SHRIRAMFIN,ITC,0.23580555616823112
SHRIRAMFIN,JSWSTEEL,0.4159659226506089
SHRIRAMFIN,KOTAKBANK,0.28601476123295333
SHRIRAMFIN,LT,0.45734329443800414
SHRIRAMFIN,M&M,0.3649251843688808
SHRIRAMFIN,MARUTI,0.2911480533425951
SHRIRAMFIN,NESTLEIND,0.13192283446093242
SHRIRAMFIN,NTPC,0.47262797979478827
SHRIRAMFIN,ONGC,0.44665267350319976
SHRIRAMFIN,POWERGRID,0.35706962154104593
SHRIRAMFIN,RELIANCE,0.44890422078972386
SHRIRAMFIN,SBILIFE,0.3352244084633431
SHRIRAMFIN,SBIN,0.5102010417275784
SHRIRAMFIN,SHRIRAMFIN,1.0
SHRIRAMFIN,SUNPHARMA,0.21096261490110874
SHRIRAMFIN,TATACONSUM,0.18777807458236384
SHRIRAMFIN,TATAMOTORS,0.36247369819038816
SHRIRAMFIN,TATASTEEL,0.43692015704877246
SHRIRAMFIN,TCS,0.1136536383752489
SHRIRAMFIN,TECHM,0.22714675244896196
SHRIRAMFIN,TITAN,0.25468738266229296
SHRIRAMFIN,TRENT,0.22869102349668793
SHRIRAMFIN,ULTRACEMCO,0.4682391588172857
SHRIRAMFIN,WIPRO,0.29860701912305104
SUNPHARMA,ADANIENT,0.16625555123449853
SUNPHARMA,ADANIPORTS,0.2158557940043052
SUNPHARMA,APOLLOHOSP,0.2862267006851859
SUNPHARMA,ASIANPAINT,0.20226174833853694
SUNPHARMA,AXISBANK,0.14399116186911057
SUNPHARMA,BAJAJ-AUTO,0.1499568504484307
SUNPHARMA,BAJAJFINSV,0.213243267518819
SUNPHARMA,BAJFINANCE,0.13726193957843952
SUNPHARMA,BEL,0.16353067159456544
SUNPHARMA,BHARTIARTL,0.27222667665739547
SUNPHARMA,BPCL,0.20549427878277168
SUNPHARMA,BRITANNIA,0.1879360101779578
SUNPHARMA,CIPLA,0.4147589169737103
SUNPHARMA,COALINDIA,0.17747109824151913
SUNPHARMA,DRREDDY,0.3966864827885487
SUNPHARMA,EICHERMOT,0.17528292835579262
SUNPHARMA,GRASIM,0.21812160094679922
SUNPHARMA,HCLTECH,0.15609948334667414
SUNPHARMA,HDFCBANK,0.07182001130779199
SUNPHARMA,HDFCLIFE,0.16851839535848304
SUNPHARMA,HEROMOTOCO,0.2204618593829511
SUNPHARMA,HINDALCO,0.2544265245716213
SUNPHARMA,HINDUNILVR,0.0513384892384068
SUNPHARMA,ICICIBANK,0.20272564248857125
SUNPHARMA,INDUSINDBK,0.12291706675322549
SUNPHARMA,INFY,0.14307331814243884
SUNPHARMA,ITC,0.18699493800648656
SUNPHARMA,JSWSTEEL,0.25222186112334
SUNPHARMA,KOTAKBANK,0.08910037108174428
SUNPHARMA,LT,0.16720903125513142
SUNPHARMA,M&M,0.2855699993112982
SUNPHARMA,MARUTI,0.20087182178561735
SUNPHARMA,NESTLEIND,0.14118277749000832
SUNPHARMA,NTPC,0.23024570589215337
SUNPHARMA,ONGC,0.2281452625967267
SUNPHARMA,POWERGRID,0.24612161381594921
SUNPHARMA,RELIANCE,0.29311619790028354
SUNPHARMA,SBILIFE,0.1311424612061772
SUNPHARMA,SBIN,0.12285651335571848
SUNPHARMA,SHRIRAMFIN,0.21096261490110874
SUNPHARMA,SUNPHARMA,1.0
SUNPHARMA,TATACONSUM,0.1722948440594173
SUNPHARMA,TATAMOTORS,0.3059106911352976
SUNPHARMA,TATASTEEL,0.26097075067371384
SUNPHARMA,TCS,0.14768997714745086
SUNPHARMA,TECHM,0.16400085466996636
SUNPHARMA,TITAN,0.21433530653784244
SUNPHARMA,TRENT,0.2563798939294317
SUNPHARMA,ULTRACEMCO,0.23244140957920428
SUNPHARMA,WIPRO,0.192644191257594
TATACONSUM,ADANIENT,0.20384725008722163
TATACONSUM,ADANIPORTS,0.22065499778075612
TATACONSUM,APOLLOHOSP,0.096699678542963
TATACONSUM,ASIANPAINT,0.24427831720571966
TATACONSUM,AXISBANK,0.1397468760601615
TATACONSUM,BAJAJ-AUTO,0.1851350828121931
TATACONSUM,BAJAJFINSV,0.3044968379064375
TATACONSUM,BAJFINANCE,0.23636949321363698
TATACONSUM,BEL,0.17580872844609702
TATACONSUM,BHARTIARTL,0.24873195165373588
TATACONSUM,BPCL,0.156373457077185
TATACONSUM,BRITANNIA,0.4050083317635453
TATACONSUM,CIPLA,0.07322738443147281
TATACONSUM,COALINDIA,0.21307221678050367
TATACONSUM,DRREDDY,0.11061534930378142
TATACONSUM,EICHERMOT,0.17237511343703016
TATACONSUM,GRASIM,0.2829945522212846
TATACONSUM,HCLTECH,0.2095399465246621
TATACONSUM,HDFCBANK,0.10865415793250464
TATACONSUM,HDFCLIFE,0.21430714759933833
TATACONSUM,HEROMOTOCO,0.21235129624272617
TATACONSUM,HINDALCO,0.18097602223738765
TATACONSUM,HINDUNILVR,0.41207099376389406
TATACONSUM,ICICIBANK,0.12059223927769683
TATACONSUM,INDUSINDBK,0.2735500110195814
TATACONSUM,INFY,0.24519270130416088
TATACONSUM,ITC,0.30265454490857974
TATACONSUM,JSWSTEEL,0.23553247098047903
TATACONSUM,KOTAKBANK,0.1974292017721705
TATACONSUM,LT,0.16808655581460066
TATACONSUM,M&M,0.16959784224754232
TATACONSUM,MARUTI,0.2078164597896241
TATACONSUM,NESTLEIND,0.37573100214763366
TATACONSUM,NTPC,0.1870782047311668
TATACONSUM,ONGC,0.1772289972666862
TATACONSUM,POWERGRID,0.15089307416133815
TATACONSUM,RELIANCE,0.20776257497316514
TATACONSUM,SBILIFE,0.21061323010811117
TATACONSUM,SBIN,0.11756662379805337
TATACONSUM,SHRIRAMFIN,0.18777807458236384
TATACONSUM,SUNPHARMA,0.1722948440594173
TATACONSUM,TATACONSUM,1.0
TATACONSUM,TATAMOTORS,0.18806159922322785
TATACONSUM,TATASTEEL,0.22577747913706897
TATACONSUM,TCS,0.2716338669783213
TATACONSUM,TECHM,0.21275624001067653
TATACONSUM,TITAN,0.311261954407186
TATACONSUM,TRENT,0.18599531366991434
TATACONSUM,ULTRACEMCO,0.2449721358386307
TATACONSUM,WIPRO,0.24910729703860784
TATAMOTORS,ADANIENT,0.3240711368540584
TATAMOTORS,ADANIPORTS,0.33924128192542985
TATAMOTORS,APOLLOHOSP,0.21235742708711508
TATAMOTORS,ASIANPAINT,0.10584721830751244
TATAMOTORS,AXISBANK,0.23214517169866175
TATAMOTORS,BAJAJ-AUTO,0.294698277500844
TATAMOTORS,BAJAJFINSV,0.28016899304461806
TATAMOTORS,BAJFINANCE,0.21274826620313564
TATAMOTORS,BEL,0.3671733408603183
TATAMOTORS,BHARTIARTL,0.26933117865011125
TATAMOTORS,BPCL,0.4156788766040579
TATAMOTORS,BRITANNIA,0.10901851131774232
TATAMOTORS,CIPLA,0.06896596173427366
TATAMOTORS,COALINDIA,0.4063151384918448
TATAMOTORS,DRREDDY,0.20012481814165411
TATAMOTORS,EICHERMOT,0.31662007686741156
TATAMOTORS,GRASIM,0.33630421218517115
TATAMOTORS,HCLTECH,0.2693343420188279
TATAMOTORS,HDFCBANK,0.2049862716770668
TATAMOTORS,HDFCLIFE,0.22416569486239962
TATAMOTORS,HEROMOTOCO,0.29074636363997075
TATAMOTORS,HINDALCO,0.3649585499204322
TATAMOTORS,HINDUNILVR,0.08802417313583706
TATAMOTORS,ICICIBANK,0.19967367981777367
TATAMOTORS,INDUSINDBK,0.3333592169520063
TATAMOTORS,INFY,0.18171033182177962
TATAMOTORS,ITC,0.18856371956042822
TATAMOTORS,JSWSTEEL,0.408712434300929
TATAMOTORS,KOTAKBANK,0.1602055379086266
TATAMOTORS,LT,0.35299336013210264
TATAMOTORS,M&M,0.40098660009044623
TATAMOTORS,MARUTI,0.40583117136657515
TATAMOTORS,NESTLEIND,0.14704046402743634
TATAMOTORS,NTPC,0.4099240463402336
TATAMOTORS,ONGC,0.43692677467912683
TATAMOTORS,POWERGRID,0.3550573466043295
TATAMOTORS,RELIANCE,0.38658256833913
TATAMOTORS,SBILIFE,0.224282907981251
TATAMOTORS,SBIN,0.3633210387305023
TATAMOTORS,SHRIRAMFIN,0.36247369819038816
TATAMOTORS,SUNPHARMA,0.3059106911352976
TATAMOTORS,TATACONSUM,0.18806159922322785
TATAMOTORS,TATAMOTORS,1.0
TATAMOTORS,TATASTEEL,0.5134156183051725
TATAMOTORS,TCS,0.24888947775175302
TATAMOTORS,TECHM,0.27902575814516006
TATAMOTORS,TITAN,0.2743233315396281
TATAMOTORS,TRENT,0.22243693686076582
TATAMOTORS,ULTRACEMCO,0.3539462991832997
TATAMOTORS,WIPRO,0.3117965429853704
TATASTEEL,ADANIENT,0.4235630087690204
TATASTEEL,ADANIPORTS,0.46604258720999453
TATASTEEL,APOLLOHOSP,0.25473089550031014
TATASTEEL,ASIANPAINT,0.2870503112737258
TATASTEEL,AXISBANK,0.37095708164183383
TATASTEEL,BAJAJ-AUTO,0.2836905519549172
TATASTEEL,BAJAJFINSV,0.4565703359871316
TATASTEEL,BAJFINANCE,0.3816158260831061
TATASTEEL,BEL,0.5203646257642723
TATASTEEL,BHARTIARTL,0.30535156427306953
TATASTEEL,BPCL,0.4628854156186058
TATASTEEL,BRITANNIA,0.1188338580755277
TATASTEEL,CIPLA,0.1311124352118802
TATASTEEL,COALINDIA,0.5354247046083493
TATASTEEL,DRREDDY,0.20722235085007384
TATASTEEL,EICHERMOT,0.31449871414501435
TATASTEEL,GRASIM,0.46364574877882075
TATASTEEL,HCLTECH,0.2687192519614349
TATASTEEL,HDFCBANK,0.3807644072947067
TATASTEEL,HDFCLIFE,0.2751765259367283
TATASTEEL,HEROMOTOCO,0.28777367998294917
TATASTEEL,HINDALCO,0.6300992825286463
TATASTEEL,HINDUNILVR,0.08473425857585834
TATASTEEL,ICICIBANK,0.34527940440859317
TATASTEEL,INDUSINDBK,0.39625810124700944
TATASTEEL,INFY,0.18095392698644067
TATASTEEL,ITC,0.2572687710740445
TATASTEEL,JSWSTEEL,0.794189129847186
TATASTEEL,KOTAKBANK,0.26272624221443097
TATASTEEL,LT,0.4838476505647863
TATASTEEL,M&M,0.4274322457737186
TATASTEEL,MARUTI,0.3958276026537897
TATASTEEL,NESTLEIND,0.10330774925412624
TATASTEEL,NTPC,0.5339426794226825
TATASTEEL,ONGC,0.49186004814903794
TATASTEEL,POWERGRID,0.5024279985041904
TATASTEEL,RELIANCE,0.4411044994065386
TATASTEEL,SBILIFE,0.2321131418279305
TATASTEEL,SBIN,0.4896241298629037
TATASTEEL,SHRIRAMFIN,0.43692015704877246
TATASTEEL,SUNPHARMA,0.26097075067371384
TATASTEEL,TATACONSUM,0.22577747913706897
TATASTEEL,TATAMOTORS,0.5134156183051725
TATASTEEL,TATASTEEL,1.0
TATASTEEL,TCS,0.23586697667744574
TATASTEEL,TECHM,0.2836483319092151
TATASTEEL,TITAN,0.293415635666182
TATASTEEL,TRENT,0.21874786789532918
TATASTEEL,ULTRACEMCO,0.47172234029698507
TATASTEEL,WIPRO,0.33180783446380907
TCS,ADANIENT,0.11579045507499162
TCS,ADANIPORTS,0.13242270962039474
TCS,APOLLOHOSP,0.1068460170305316
TCS,ASIANPAINT,0.16669854297765385
TCS,AXISBANK,0.0946685266965614
TCS,BAJAJ-AUTO,0.017590812364384093
TCS,BAJAJFINSV,0.2348415286667764
TCS,BAJFINANCE,0.17442474436881075
TCS,BEL,0.12075804541099913
TCS,BHARTIARTL,0.19318275580109218
TCS,BPCL,0.175425900920932
TCS,BRITANNIA,0.1176574228785195
TCS,CIPLA,0.07902188833691759
TCS,COALINDIA,0.09526341482137556
TCS,DRREDDY,0.22321168844679296
TCS,EICHERMOT,0.14377616471917185
TCS,GRASIM,0.17994312740717625
TCS,HCLTECH,0.6290794218553654
TCS,HDFCBANK,0.045285713021930095
TCS,HDFCLIFE,0.11544945717421162
TCS,HEROMOTOCO,0.10866546662495381
TCS,HINDALCO,0.16104416442255612
TCS,HINDUNILVR,0.14534472933707102
TCS,ICICIBANK,0.16648861508644344
TCS,INDUSINDBK,0.08559047262765863
TCS,INFY,0.7078841751701882
TCS,ITC,0.15227394667725197
TCS,JSWSTEEL,0.20929134202410482
TCS,KOTAKBANK,0.11556480163922807
TCS,LT,0.21706201650894347
TCS,M&M,0.17429479044113338
TCS,MARUTI,0.16489164128978473
TCS,NESTLEIND,0.11449534644611244
TCS,NTPC,0.10994498033144819
TCS,ONGC,0.16816160963104881
TCS,POWERGRID,0.09729507732456262
TCS,RELIANCE,0.24797084602646927
TCS,SBILIFE,0.17501447006391901
TCS,SBIN,0.16286208875013286
TCS,SHRIRAMFIN,0.1136536383752489
TCS,SUNPHARMA,0.14768997714745086
TCS,TATACONSUM,0.2716338669783213
TCS,TATAMOTORS,0.24888947775175302
TCS,TATASTEEL,0.23586697667744574
TCS,TCS,1.0
TCS,TECHM,0.5788816895103249
TCS,TITAN,0.14547519373806522
TCS,TRENT,0.12202060401676924
TCS,ULTRACEMCO,0.2386785789969207
TCS,WIPRO,0.5914274914931765
TECHM,ADANIENT,0.14167733642876768
TECHM,ADANIPORTS,0.14803390244205863
TECHM,APOLLOHOSP,0.16911799216785398
TECHM,ASIANPAINT,0.16295888852087534
TECHM,AXISBANK,0.1364691783195106
TECHM,BAJAJ-AUTO,0.037877025808404886
TECHM,BAJAJFINSV,0.2042760675568545
TECHM,BAJFINANCE,0.17336015861682663
TECHM,BEL,0.22239481016575469
TECHM,BHARTIARTL,0.2723520791644865
TECHM,BPCL,0.20163162056503509
TECHM,BRITANNIA,0.12966400740384826
TECHM,CIPLA,0.05219913311620206
TECHM,COALINDIA,0.1781729853668627
TECHM,DRREDDY,0.2200186329222398
TECHM,EICHERMOT,0.18957844427939843
TECHM,GRASIM,0.17511026173481065
TECHM,HCLTECH,0.5482800795106635
TECHM,HDFCBANK,0.20466715125050258
TECHM,HDFCLIFE,0.11952917452276812
TECHM,HEROMOTOCO,0.1112428093042145
TECHM,HINDALCO,0.23638727750781405
TECHM,HINDUNILVR,0.13131272639412817
TECHM,ICICIBANK,0.16865500178890175
TECHM,INDUSINDBK,0.10315296762020999
TECHM,INFY,0.6491457614954589
TECHM,ITC,0.21781560466216898
TECHM,JSWSTEEL,0.2689890432924979
TECHM,KOTAKBANK,0.17473849328787103
TECHM,LT,0.21031533547687914
TECHM,M&M,0.21941870199703012
TECHM,MARUTI,0.1479734451348317
TECHM,NESTLEIND,0.05490479493450637
TECHM,NTPC,0.18986965327895483
TECHM,ONGC,0.23351537179236928
TECHM,POWERGRID,0.15160859991455566
TECHM,RELIANCE,0.26606297561703235
TECHM,SBILIFE,0.1545849426495435
TECHM,SBIN,0.19375534141601125
TECHM,SHRIRAMFIN,0.22714675244896196
TECHM,SUNPHARMA,0.16400085466996636
TECHM,TATACONSUM,0.21275624001067653
TECHM,TATAMOTORS,0.27902575814516006
TECHM,TATASTEEL,0.2836483319092151
TECHM,TCS,0.5788816895103249
TECHM,TECHM,1.0
TECHM,TITAN,0.24338876058738682
TECHM,TRENT,0.1507506123095131
TECHM,ULTRACEMCO,0.26990380306298
TECHM,WIPRO,0.5992532284803614
TITAN,ADANIENT,0.28328071027247675
TITAN,ADANIPORTS,0.2961483418084938
TITAN,APOLLOHOSP,0.2533612455922524
TITAN,ASIANPAINT,0.3074044630485633
TITAN,AXISBANK,0.14593141014981456
TITAN,BAJAJ-AUTO,0.20105970208514465
TITAN,BAJAJFINSV,0.3295268898746543
TITAN,BAJFINANCE,0.2690388885654182
TITAN,BEL,0.16676677160419995
TITAN,BHARTIARTL,0.27603700839023804
TITAN,BPCL,0.27508600155964086
TITAN,BRITANNIA,0.07310938682866647
TITAN,CIPLA,0.10752922970429055
TITAN,COALINDIA,0.2383360215458712
TITAN,DRREDDY,0.13999051002242102
TITAN,EICHERMOT,0.26820570294019325
TITAN,GRASIM,0.3682972638728635
TITAN,HCLTECH,0.1994405969482101
TITAN,HDFCBANK,0.1880207165069055
TITAN,HDFCLIFE,0.22662237572459545
TITAN,HEROMOTOCO,0.30247981842439675
TITAN,HINDALCO,0.2494380153507044
TITAN,HINDUNILVR,0.18747665018653012
TITAN,ICICIBANK,0.14647431234434818
TITAN,INDUSINDBK,0.24043349852813695
TITAN,INFY,0.21507237824740918
TITAN,ITC,0.3182611629556045
TITAN,JSWSTEEL,0.3221275143662096
TITAN,KOTAKBANK,0.16805281132577893
TITAN,LT,0.23189960306605092
TITAN,M&M,0.28527953275390555
TITAN,MARUTI,0.33227914355540783
TITAN,NESTLEIND,0.2368745871498147
TITAN,NTPC,0.3340507702365929
TITAN,ONGC,0.1926946862486077
TITAN,POWERGRID,0.20860943339129473
TITAN,RELIANCE,0.3293231235132684
TITAN,SBILIFE,0.21954283399837662
TITAN,SBIN,0.223221053444632
TITAN,SHRIRAMFIN,0.25468738266229296
TITAN,SUNPHARMA,0.21433530653784244
TITAN,TATACONSUM,0.311261954407186
TITAN,TATAMOTORS,0.2743233315396281
TITAN,TATASTEEL,0.293415635666182
TITAN,TCS,0.14547519373806522
TITAN,TECHM,0.24338876058738682
TITAN,TITAN,1.0
TITAN,TRENT,0.19434648685854894
TITAN,ULTRACEMCO,0.35391981099808834
TITAN,WIPRO,0.25962272640333295
TRENT,ADANIENT,0.19041163423274673
TRENT,ADANIPORTS,0.20107648053316038
TRENT,APOLLOHOSP,0.08951570956025826
TRENT,ASIANPAINT,0.2230941660957296
TRENT,AXISBANK,0.19974789949861588
TRENT,BAJAJ-AUTO,0.22339932769929818
TRENT,BAJAJFINSV,0.2011333559796427
TRENT,BAJFINANCE,0.2291884576301165
TRENT,BEL,0.26341500708955246
TRENT,BHARTIARTL,0.24792743014681906
TRENT,BPCL,0.21275481754652759
TRENT,BRITANNIA,0.034250779269502325
TRENT,CIPLA,0.13647299223916814
TRENT,COALINDIA,0.2546288946903731
TRENT,DRREDDY,0.16886989172802994
TRENT,EICHERMOT,0.2346391132145663
TRENT,GRASIM,0.24146931715943976
TRENT,HCLTECH,0.20742160822044678
TRENT,HDFCBANK,0.10273877743327112
TRENT,HDFCLIFE,0.2021288353139199
TRENT,HEROMOTOCO,0.21854493396314334
TRENT,HINDALCO,0.2686296649861686
TRENT,HINDUNILVR,0.08396386149458931
TRENT,ICICIBANK,0.12165853749450802
TRENT,INDUSINDBK,0.19912566574353294
TRENT,INFY,0.15099133419807098
TRENT,ITC,0.15149140688379087
TRENT,JSWSTEEL,0.2569765048742589
TRENT,KOTAKBANK,0.08100530728761046
TRENT,LT,0.185278686244984
TRENT,M&M,0.2490129874357562
TRENT,MARUTI,0.18332063774660176
TRENT,NESTLEIND,0.13667421983085679
TRENT,NTPC,0.23573593930493564
TRENT,ONGC,0.21158537627926283
TRENT,POWERGRID,0.20054240492119357
TRENT,RELIANCE,0.28277871345729444
TRENT,SBILIFE,0.17080038021293914
TRENT,SBIN,0.2764913797082071
TRENT,SHRIRAMFIN,0.22869102349668793
TRENT,SUNPHARMA,0.2563798939294317
TRENT,TATACONSUM,0.18599531366991434
TRENT,TATAMOTORS,0.22243693686076582
TRENT,TATASTEEL,0.21874786789532918
TRENT,TCS,0.12202060401676924
TRENT,TECHM,0.1507506123095131
TRENT,TITAN,0.19434648685854894
TRENT,TRENT,1.0
TRENT,ULTRACEMCO,0.2952261771585305
TRENT,WIPRO,0.15045233882425924
ULTRACEMCO,ADANIENT,0.3611521740873146
ULTRACEMCO,ADANIPORTS,0.4024886309461049
ULTRACEMCO,APOLLOHOSP,0.2729509090857476
ULTRACEMCO,ASIANPAINT,0.28064729044156406
ULTRACEMCO,AXISBANK,0.3970237616996549
ULTRACEMCO,BAJAJ-AUTO,0.26334151930303756
ULTRACEMCO,BAJAJFINSV,0.46310659739899224
ULTRACEMCO,BAJFINANCE,0.43455823502959556
ULTRACEMCO,BEL,0.43550141959102606
ULTRACEMCO,BHARTIARTL,0.35412077020875876
ULTRACEMCO,BPCL,0.40165052617642993
ULTRACEMCO,BRITANNIA,0.18181408288916096
ULTRACEMCO,CIPLA,0.1333282702269815
ULTRACEMCO,COALINDIA,0.32122101334479675
ULTRACEMCO,DRREDDY,0.2515584923990298
ULTRACEMCO,EICHERMOT,0.304244015171215
ULTRACEMCO,GRASIM,0.5901162976104107
ULTRACEMCO,HCLTECH,0.2054418465312309
ULTRACEMCO,HDFCBANK,0.3602093012902187
ULTRACEMCO,HDFCLIFE,0.24181937039404472
ULTRACEMCO,HEROMOTOCO,0.29538277419468284
ULTRACEMCO,HINDALCO,0.31358994611663726
ULTRACEMCO,HINDUNILVR,0.16512597603054094
ULTRACEMCO,ICICIBANK,0.43020807625861485
ULTRACEMCO,INDUSINDBK,0.3450658328483518
ULTRACEMCO,INFY,0.2245645717144445
ULTRACEMCO,ITC,0.2601443621252303
ULTRACEMCO,JSWSTEEL,0.5466431320829088
ULTRACEMCO,KOTAKBANK,0.33477011685126007
ULTRACEMCO,LT,0.4731743891296249
ULTRACEMCO,M&M,0.41864382328347893
ULTRACEMCO,MARUTI,0.34917394166857707
ULTRACEMCO,NESTLEIND,0.27818421339220467
ULTRACEMCO,NTPC,0.4485236398684601
ULTRACEMCO,ONGC,0.4045192212328132
ULTRACEMCO,POWERGRID,0.3966844523358626
ULTRACEMCO,RELIANCE,0.4903816604229934
ULTRACEMCO,SBILIFE,0.26679702593472526
ULTRACEMCO,SBIN,0.42549397080611384
ULTRACEMCO,SHRIRAMFIN,0.4682391588172857
ULTRACEMCO,SUNPHARMA,0.23244140957920428
ULTRACEMCO,TATACONSUM,0.2449721358386307
ULTRACEMCO,TATAMOTORS,0.3539462991832997
ULTRACEMCO,TATASTEEL,0.47172234029698507
ULTRACEMCO,TCS,0.2386785789969207
ULTRACEMCO,TECHM,0.26990380306298
ULTRACEMCO,TITAN,0.35391981099808834
ULTRACEMCO,TRENT,0.2952261771585305
ULTRACEMCO,ULTRACEMCO,1.0
ULTRACEMCO,WIPRO,0.29150431767486
WIPRO,ADANIENT,0.22400300357869157
WIPRO,ADANIPORTS,0.23898560924883147
WIPRO,APOLLOHOSP,0.2237380831811699
WIPRO,ASIANPAINT,0.14064240159229244
WIPRO,AXISBANK,0.20780225668871427
WIPRO,BAJAJ-AUTO,0.10249225299600981
WIPRO,BAJAJFINSV,0.3066495143438878
WIPRO,BAJFINANCE,0.2385161788096081
WIPRO,BEL,0.2558540800203393
WIPRO,BHARTIARTL,0.25913138188953433
WIPRO,BPCL,0.211944821719478
WIPRO,BRITANNIA,0.1691095118602568
WIPRO,CIPLA,0.08759535187024256
WIPRO,COALINDIA,0.23579396811295908
WIPRO,DRREDDY,0.2798386129571328
WIPRO,EICHERMOT,0.2622352946442781
WIPRO,GRASIM,0.24500198872893586
WIPRO,HCLTECH,0.5806673330151051
WIPRO,HDFCBANK,0.19359915108672426
WIPRO,HDFCLIFE,0.19426052160800375
WIPRO,HEROMOTOCO,0.20458284696276116
WIPRO,HINDALCO,0.26224405992406435
WIPRO,HINDUNILVR,0.1854248258572572
WIPRO,ICICIBANK,0.22165481981934443
WIPRO,INDUSINDBK,0.18657329941675105
WIPRO,INFY,0.5712075926608157
WIPRO,ITC,0.23313948599308476
WIPRO,JSWSTEEL,0.3603737925268316
WIPRO,KOTAKBANK,0.24581233545254239
WIPRO,LT,0.319899103403512
WIPRO,M&M,0.29997073083823717
WIPRO,MARUTI,0.20520578325333694
WIPRO,NESTLEIND,0.14970768737192983
WIPRO,NTPC,0.20293502242044653
WIPRO,ONGC,0.28896703743415564
WIPRO,POWERGRID,0.1666307694546469
WIPRO,RELIANCE,0.3643132113932491
WIPRO,SBILIFE,0.24633833029878258
WIPRO,SBIN,0.24353074067147876
WIPRO,SHRIRAMFIN,0.29860701912305104
WIPRO,SUNPHARMA,0.192644191257594
WIPRO,TATACONSUM,0.24910729703860784
WIPRO,TATAMOTORS,0.3117965429853704
WIPRO,TATASTEEL,0.33180783446380907
WIPRO,TCS,0.5914274914931765
WIPRO,TECHM,0.5992532284803614
WIPRO,TITAN,0.25962272640333295
WIPRO,TRENT,0.15045233882425924
WIPRO,ULTRACEMCO,0.29150431767486
WIPRO,WIPRO,1.0
